"20g_1: Time (s)","20g_1: Force (N)","20g_1: GateState","20g_1: Distance (m)","20g_1: Velocity (m/s)","20g_1: Acceleration (m/s²)","20g_2: Time (s)","20g_2: Force (N)","20g_2: GateState","20g_2: Distance (m)","20g_2: Velocity (m/s)","20g_2: Acceleration (m/s²)","20g_3: Time (s)","20g_3: Force (N)","20g_3: GateState","20g_3: Distance (m)","20g_3: Velocity (m/s)","20g_3: Acceleration (m/s²)","100g_1: Time (s)","100g_1: Force (N)","100g_1: GateState","100g_1: Distance (m)","100g_1: Velocity (m/s)","100g_1: Acceleration (m/s²)","100g_2: Time (s)","100g_2: Force (N)","100g_2: GateState","100g_2: Distance (m)","100g_2: Velocity (m/s)","100g_2: Acceleration (m/s²)","100g_3: Time (s)","100g_3: Force (N)","100g_3: GateState","100g_3: Distance (m)","100g_3: Velocity (m/s)","100g_3: Acceleration (m/s²)","50g_1: Time (s)","50g_1: Force (N)","50g_1: GateState","50g_1: Distance (m)","50g_1: Velocity (m/s)","50g_1: Acceleration (m/s²)","50g_2: Time (s)","50g_2: Force (N)","50g_2: GateState","50g_2: Distance (m)","50g_2: Velocity (m/s)","50g_2: Acceleration (m/s²)","50g_3: Time (s)","50g_3: Force (N)","50g_3: GateState","50g_3: Distance (m)","50g_3: Velocity (m/s)","50g_3: Acceleration (m/s²)","200g_1: Time (s)","200g_1: Force (N)","200g_1: GateState","200g_1: Distance (m)","200g_1: Velocity (m/s)","200g_1: Acceleration (m/s²)","200g_2: Time (s)","200g_2: Force (N)","200g_2: GateState","200g_2: Distance (m)","200g_2: Velocity (m/s)","200g_2: Acceleration (m/s²)","200g_3: Time (s)","200g_3: Force (N)","200g_3: GateState","200g_3: Distance (m)","200g_3: Velocity (m/s)","200g_3: Acceleration (m/s²)","40g_1: Time (s)","40g_1: Force (N)","40g_1: GateState","40g_1: Distance (m)","40g_1: Velocity (m/s)","40g_1: Acceleration (m/s²)","40g_2: Time (s)","40g_2: Force (N)","40g_2: GateState","40g_2: Distance (m)","40g_2: Velocity (m/s)","40g_2: Acceleration (m/s²)","40g_3: Time (s)","40g_3: Force (N)","40g_3: GateState","40g_3: Distance (m)","40g_3: Velocity (m/s)","40g_3: Acceleration (m/s²)"
0,0.0653310133202,,,,,0,0.0653310133202,,,,,0,0.0776053249137,,,,,0,0.549968348496,,,,,0,0.455337365565,,,,,0,0.417722539714,,,,,0,0.21618626226,,,,,0,0.197180876567,,,,,0,0.209851133695,,,,,0,0.864349103504,,,,,0,0.870684232068,,,,,0,0.864349103504,,,,,0,0.1156160963,,,,,0,0.109280967736,,,,,0,0.121951224864,,,,
0.02,0.0589958847559,,,,,0.02,0.0776053249137,,,,,0.02,0.0776053249137,,,,,0.02,0.543633219932,,,,,0.02,0.46167249413,,,,,0.02,0.405052282586,,,,,0.02,0.209851133695,,,,,0.02,0.203516005131,,,,,0.02,0.209851133695,,,,,0.02,0.858013974939,,,,,0.02,0.864349103504,,,,,0.02,0.864349103504,,,,,0.02,0.1156160963,,,,,0.02,0.109280967736,,,,,0.02,0.128286353429,,,,
0.04,0.0589958847559,,,,,0.04,0.0839404534781,,,,,0.04,0.0653310133202,,,,,0.04,0.562242660089,,,,,0.04,0.46167249413,,,,,0.04,0.367437456734,,,,,0.04,0.203516005131,,,,,0.04,0.191241693537,,,,,0.04,0.197180876567,,,,,0.04,0.85207479191,,,,,0.04,0.883354489197,,,,,0.04,0.870684232068,,,,,0.04,0.109280967736,,,,,0.04,0.109280967736,,,,,0.04,0.1156160963,,,,
0.06,0.0653310133202,,,,,0.06,0.0902755820425,,,,,0.06,0.0653310133202,,,,,0.06,0.555907531525,,,,,0.06,0.449002237001,,,,,0.06,0.379711768328,,,,,0.06,0.209851133695,,,,,0.06,0.197180876567,,,,,0.06,0.209851133695,,,,,0.06,0.870684232068,,,,,0.06,0.883354489197,,,,,0.06,0.889689617761,,,,,0.06,0.109280967736,,,,,0.06,0.109280967736,,,,,0.06,0.1156160963,,,,
0.08,0.0589958847559,,,,,0.08,0.0966107106069,,,,,0.08,0.0653310133202,,,,,0.08,0.549968348496,,,,,0.08,0.474342751259,,,,,0.08,0.379711768328,,,,,0.08,0.209851133695,,,,,0.08,0.191241693537,,,,,0.08,0.197180876567,,,,,0.08,0.870684232068,,,,,0.08,0.870684232068,,,,,0.08,0.889689617761,,,,,0.08,0.1156160963,,,,,0.08,0.1156160963,,,,,0.08,0.109280967736,,,,
0.1,0.0776053249137,,,,,0.1,0.0839404534781,,,,,0.1,0.0776053249137,,,,,0.1,0.555907531525,,,,,0.1,0.468007622694,,,,,0.1,0.367437456734,,,,,0.1,0.209851133695,,,,,0.1,0.197180876567,,,,,0.1,0.203516005131,,,,,0.1,0.864349103504,,,,,0.1,0.883354489197,,,,,0.1,0.889689617761,,,,,0.1,0.128286353429,,,,,0.1,0.109280967736,,,,,0.1,0.109280967736,,,,
0.12,0.0653310133202,,,,,0.12,0.0839404534781,,,,,0.12,0.0776053249137,,,,,0.12,0.549968348496,,,,,0.12,0.46167249413,,,,,0.12,0.373772585299,,,,,0.12,0.209851133695,,,,,0.12,0.197180876567,,,,,0.12,0.209851133695,,,,,0.12,0.870684232068,,,,,0.12,0.896024746326,,,,,0.12,0.889689617761,,,,,0.12,0.1156160963,,,,,0.12,0.109280967736,,,,,0.12,0.128286353429,,,,
0.14,0.0589958847559,,,,,0.14,0.0839404534781,,,,,0.14,0.0653310133202,,,,,0.14,0.543633219932,,,,,0.14,0.455337365565,,,,,0.14,0.392382025457,,,,,0.14,0.203516005131,,,,,0.14,0.209851133695,,,,,0.14,0.209851133695,,,,,0.14,0.877019360632,,,,,0.14,0.90235987489,,,,,0.14,0.90235987489,,,,,0.14,0.1156160963,,,,,0.14,0.1156160963,,,,,0.14,0.1156160963,,,,
0.16,0.0653310133202,,,,,0.16,0.0902755820425,,,,,0.16,0.0716661418846,,,,,0.16,0.549968348496,,,,,0.16,0.468007622694,,,,,0.16,0.373772585299,,,,,0.16,0.209851133695,,,,,0.16,0.197180876567,,,,,0.16,0.197180876567,,,,,0.16,0.858013974939,,,,,0.16,0.90235987489,,,,,0.16,0.90235987489,,,,,0.16,0.1156160963,,,,,0.16,0.1156160963,,,,,0.16,0.121951224864,,,,
0.18,0.0653310133202,,,,,0.18,0.0902755820425,,,,,0.18,0.0716661418846,,,,,0.18,0.555907531525,,,,,0.18,0.468007622694,,,,,0.18,0.367437456734,,,,,0.18,0.21618626226,,,,,0.18,0.209851133695,,,,,0.18,0.203516005131,,,,,0.18,0.883354489197,,,,,0.18,0.90235987489,,,,,0.18,0.896024746326,,,,,0.18,0.1156160963,,,,,0.18,0.109280967736,,,,,0.18,0.128286353429,,,,
0.2,0.0463256276271,,,,,0.2,0.0966107106069,,,,,0.2,0.0776053249137,,,,,0.2,0.568577788654,,,,,0.2,0.468007622694,,,,,0.2,0.386046896892,,,,,0.2,0.209851133695,,,,,0.2,0.191241693537,,,,,0.2,0.184906564973,,,,,0.2,0.877019360632,,,,,0.2,0.896024746326,,,,,0.2,0.896024746326,,,,,0.2,0.1156160963,,,,,0.2,0.128286353429,,,,,0.2,0.121951224864,,,,
0.22,0.0589958847559,,,,,0.22,0.0966107106069,,,,,0.22,0.0653310133202,,,,,0.22,0.568577788654,,,,,0.22,0.480677879823,,,,,0.22,0.367437456734,,,,,0.22,0.191241693537,,,,,0.22,0.191241693537,,,,,0.22,0.159566050716,,,,,0.22,0.858013974939,,,,,0.22,0.896024746326,,,,,0.22,0.814064020524,,,,,0.22,0.1156160963,,,,,0.22,0.1156160963,,,,,0.22,0.1156160963,,,,
0.24,0.0589958847559,,,,,0.24,0.0839404534781,,,,,0.24,0.0653310133202,,,,,0.24,0.568577788654,,,,,0.24,0.46167249413,,,,,0.24,0.379711768328,,,,,0.24,0.203516005131,,,,,0.24,0.191241693537,,,,,0.24,0.178571436409,,,,,0.24,0.870684232068,,,,,0.24,0.914634186483,,,,,0.24,0.663208771584,,,,,0.24,0.109280967736,,,,,0.24,0.1156160963,,,,,0.24,0.1156160963,,,,
0.26,0.0653310133202,,,,,0.26,0.0839404534781,,,,,0.26,0.0839404534781,,,,,0.26,0.568577788654,,,,,0.26,0.46167249413,,,,,0.26,0.392382025457,,,,,0.26,0.203516005131,,,,,0.26,0.197180876567,,,,,0.26,0.197180876567,,,,,0.26,0.877019360632,,,,,0.26,0.920969315048,,,,,0.26,0.574912917218,,,,,0.26,0.1156160963,,,,,0.26,0.109280967736,,,,,0.26,0.1156160963,,,,
0.28,0.0653310133202,,,,,0.28,0.0716661418846,,,,,0.28,0.0776053249137,,,,,0.28,0.555907531525,,,,,0.28,0.480677879823,,,,,0.28,0.367437456734,,,,,0.28,0.203516005131,,,,,0.28,0.197180876567,,,,,0.28,0.172236307844,,,,,0.28,0.864349103504,,,,,0.28,0.908695003454,,,,,0.28,0.644203385891,,,,,0.28,0.121951224864,,,,,0.28,0.121951224864,,,,,0.28,0.121951224864,,,,
0.3,0.0653310133202,,,,,0.3,0.0839404534781,,,,,0.3,0.0776053249137,,,,,0.3,0.549968348496,,,,,0.3,0.46167249413,,,,,0.3,0.386046896892,,,,,0.3,0.203516005131,,,,,0.3,0.197180876567,,,,,0.3,0.184906564973,,,,,0.3,0.845739663346,,,,,0.3,0.914634186483,,,,,0.3,0.719828983129,,,,,0.3,0.109280967736,,,,,0.3,0.109280967736,,,,,0.3,0.0902755820425,,,,
0.32,0.0653310133202,,,,,0.32,0.0716661418846,,,,,0.32,0.0716661418846,,,,,0.32,0.562242660089,,,,,0.32,0.46167249413,,,,,0.32,0.392382025457,,,,,0.32,0.209851133695,,,,,0.32,0.184906564973,,,,,0.32,0.184906564973,,,,,0.32,0.85207479191,,,,,0.32,0.896024746326,,,,,0.32,0.681818211742,,,,,0.32,0.109280967736,,,,,0.32,0.1156160963,,,,,0.32,0.102945839171,,,,
0.34,0.0653310133202,,,,,0.34,0.0526607561915,,,,,0.34,0.0653310133202,,,,,0.34,0.562242660089,,,,,0.34,0.474342751259,,,,,0.34,0.386046896892,,,,,0.34,0.203516005131,,,,,0.34,0.16590117928,,,,,0.34,0.178571436409,,,,,0.34,0.864349103504,,,,,0.34,0.889689617761,,,,,0.34,0.612923688604,,,,,0.34,0.109280967736,,,,,0.34,0.1156160963,,,,,0.34,0.0966107106069,,,,
0.36,0.0716661418846,,,,,0.36,0.0399904990627,,,,,0.36,0.0653310133202,,,,,0.36,0.549968348496,,,,,0.36,0.436331979872,,,,,0.36,0.36110232817,,,,,0.36,0.191241693537,,,,,0.36,0.191241693537,,,,,0.36,0.191241693537,,,,,0.36,0.839404534781,,,,,0.36,0.914634186483,,,,,0.36,0.650538514456,,,,,0.36,0.1156160963,,,,,0.36,0.1156160963,,,,,0.36,0.0966107106069,,,,
0.38,0.0589958847559,,,,,0.38,0.0399904990627,,,,,0.38,0.0776053249137,,,,,0.38,0.562242660089,,,,,0.38,0.367437456734,,,,,0.38,0.379711768328,,,,,0.38,0.16590117928,,,,,0.38,0.184906564973,,,,,0.38,0.184906564973,,,,,0.38,0.845739663346,,,,,0.38,0.914634186483,,,,,0.38,0.694488468871,,,,,0.38,0.1156160963,,,,,0.38,0.128286353429,,,,,0.38,0.109280967736,,,,
0.4,0.0653310133202,,,,,0.4,0.0336553704983,,,,,0.4,0.0716661418846,,,,,0.4,0.555907531525,,,,,0.4,0.373772585299,,,,,0.4,0.386046896892,,,,,0.4,0.184906564973,,,,,0.4,0.178571436409,,,,,0.4,0.184906564973,,,,,0.4,0.864349103504,,,,,0.4,0.85207479191,,,,,0.4,0.663208771584,,,,,0.4,0.1156160963,,,,,0.4,0.109280967736,,,,,0.4,0.102945839171,,,,
0.42,0.0589958847559,,,,,0.42,0.0336553704983,,,,,0.42,0.0776053249137,,,,,0.419766,,1,0,,,0.42,0.417722539714,,,,,0.42,0.373772585299,,,,,0.42,0.191241693537,,,,,0.42,0.191241693537,,,,,0.42,0.178571436409,,,,,0.42,0.864349103504,,,,,0.42,0.744773551851,,,,,0.42,0.618862871634,,,,,0.42,0.109280967736,,,,,0.42,0.109280967736,,,,,0.42,0.109280967736,,,,
0.44,0.0716661418846,,,,,0.44,0.0273202419339,,,,,0.44,0.0776053249137,,,,,0.42,0.562242660089,,,,,0.44,0.392382025457,,,,,0.44,0.379711768328,,,,,0.44,0.184906564973,,,,,0.44,0.178571436409,,,,,0.44,0.178571436409,,,,,0.44,0.864349103504,,,,,0.44,0.612923688604,,,,,0.44,0.637868257327,,,,,0.44,0.1156160963,,,,,0.44,0.109280967736,,,,,0.44,0.109280967736,,,,
0.46,0.0653310133202,,,,,0.46,0.0273202419339,,,,,0.46,0.0653310133202,,,,,0.427677,,0,,,,0.46,0.373772585299,,,,,0.46,0.398717154021,,,,,0.46,0.184906564973,,,,,0.46,0.172236307844,,,,,0.46,0.184906564973,,,,,0.46,0.870684232068,,,,,0.46,0.587583174347,,,,,0.46,0.669543900149,,,,,0.46,0.1156160963,,,,,0.46,0.0966107106069,,,,,0.46,0.102945839171,,,,
0.48,0.0589958847559,,,,,0.48,0.0399904990627,,,,,0.48,0.0653310133202,,,,,0.436398,,1,0.05,3.05000096971,5.26069786639,0.48,0.398717154021,,,,,0.48,0.379711768328,,,,,0.48,0.178571436409,,,,,0.48,0.191241693537,,,,,0.48,0.197180876567,,,,,0.48,0.845739663346,,,,,0.48,0.65687364302,,,,,0.475427,,1,0,,,0.48,0.1156160963,,,,,0.48,0.102945839171,,,,,0.48,0.109280967736,,,,
0.5,0.0653310133202,,,,,0.5,0.0399904990627,,,,,0.5,0.0653310133202,,,,,0.44,0.543633219932,,,,,0.5,0.398717154021,,,,,0.5,0.367437456734,,,,,0.5,0.191241693537,,,,,0.5,0.172236307844,,,,,0.5,0.184906564973,,,,,0.5,0.820399149088,,,,,0.5,0.700823597435,,,,,0.48,0.644203385891,,,,,0.5,0.1156160963,,,,,0.5,0.102945839171,,,,,0.5,0.102945839171,,,,
0.52,0.0589958847559,,,,,0.52,0.0336553704983,,,,,0.52,0.0653310133202,,,,,0.444119,,0,,,,0.52,0.386046896892,,,,,0.52,0.379711768328,,,,,0.52,0.178571436409,,,,,0.52,0.172236307844,,,,,0.52,0.191241693537,,,,,0.52,0.738438423286,,,,,0.52,0.631533128762,,,,,0.483062,,0,,,,0.52,0.128286353429,,,,,0.52,0.0902755820425,,,,,0.52,0.102945839171,,,,
0.54,0.0653310133202,,,,,0.54,0.0336553704983,,,,,0.54,0.0776053249137,,,,,0.452566,,1,0.1,3.13327663498,5.04059669993,0.54,0.41138741115,,,,,0.54,0.379711768328,,,,,0.54,0.178571436409,,,,,0.54,0.178571436409,,,,,0.54,0.184906564973,,,,,0.54,0.574912917218,,,,,0.54,0.625198000198,,,,,0.491332,,1,0.05,3.2277961807,10.5791470242,0.54,0.1156160963,,,,,0.54,0.109280967736,,,,,0.54,0.102945839171,,,,
0.56,0.0589958847559,,,,,0.56,0.0336553704983,,,,,0.56,0.0653310133202,,,,,0.46,0.543633219932,,,,,0.56,0.41138741115,,,,,0.56,0.386046896892,,,,,0.56,0.191241693537,,,,,0.56,0.184906564973,,,,,0.56,0.178571436409,,,,,0.56,0.543633219932,,,,,0.56,0.650538514456,,,,,0.498641,,0,,,,0.56,0.121951224864,,,,,0.56,0.102945839171,,,,,0.56,0.102945839171,,,,
0.58,0.0716661418846,,,,,0.58,0.0399904990627,,,,,0.58,0.0776053249137,,,,,0.460141,,0,,,,0.58,0.386046896892,,,,,0.579891,,1,0,,,0.58,0.178571436409,,,,,0.58,0.178571436409,,,,,0.58,0.197180876567,,,,,0.58,0.663208771584,,,,,0.58,0.669543900149,,,,,0.5,0.612923688604,,,,,0.58,0.121951224864,,,,,0.58,0.0902755820425,,,,,0.58,0.102945839171,,,,
0.6,0.0653310133202,,,,,0.580283,,1,0,,,0.6,0.0716661418846,,,,,0.468324,,1,0.15,3.21756708718,5.65751882181,0.6,0.386046896892,,,,,0.58,0.379711768328,,,,,0.6,0.178571436409,,,,,0.6,0.184906564973,,,,,0.6,0.178571436409,,,,,0.6,0.700823597435,,,,,0.6,0.637868257327,,,,,0.506448,,1,0.1,3.38320137503,9.98253521048,0.6,0.109280967736,,,,,0.6,0.102945839171,,,,,0.6,0.109280967736,,,,
0.62,0.0653310133202,,,,,0.6,0.0463256276271,,,,,0.62,0.0716661418846,,,,,0.475643,,0,,,,0.62,0.41138741115,,,,,0.586133,,0,,,,0.62,0.184906564973,,,,,0.62,0.172236307844,,,,,0.62,0.184906564973,,,,,0.62,0.618862871634,,,,,0.62,0.618862871634,,,,,0.513427,,0,,,,0.62,0.1156160963,,,,,0.62,0.102945839171,,,,,0.62,0.109280967736,,,,
0.64,0.0653310133202,,,,,0.62,0.0273202419339,,,,,0.64,0.0716661418846,,,,,0.48,0.549968348496,,,,,0.64,0.386046896892,,,,,0.593087,,1,0.05,3.82824577066,5.94404255622,0.64,0.197180876567,,,,,0.64,0.178571436409,,,,,0.64,0.191241693537,,,,,0.64,0.581248045783,,,,,0.64,0.650538514456,,,,,0.52,0.637868257327,,,,,0.64,0.121951224864,,,,,0.64,0.109280967736,,,,,0.64,0.109280967736,,,,
0.66,0.0776053249137,,,,,0.64,0.0273202419339,,,,,0.66,0.0776053249137,,,,,0.483657,,1,0.2,3.31411916121,6.93650374719,0.66,0.386046896892,,,,,0.599216,,0,,,,0.66,0.178571436409,,,,,0.66,0.184906564973,,,,,0.66,0.191241693537,,,,,0.66,0.650538514456,,,,,0.66,0.669543900149,,,,,0.520918,,1,0.15,3.53718510762,11.3006344637,0.66,0.1156160963,,,,,0.66,0.102945839171,,,,,0.66,0.109280967736,,,,
0.678768,,1,0,,,0.66,0.0399904990627,,,,,0.68,0.0653310133202,,,,,0.490809,,0,,,,0.68,0.398717154021,,,,,0.6,0.386046896892,,,,,0.68,0.184906564973,,,,,0.68,0.16590117928,,,,,0.68,0.191241693537,,,,,0.68,0.688153340307,,,,,0.68,0.631533128762,,,,,0.527495,,0,,,,0.68,0.1156160963,,,,,0.68,0.0966107106069,,,,,0.68,0.102945839171,,,,
0.68,0.0653310133202,,,,,0.68,0.0336553704983,,,,,0.7,0.0653310133202,,,,,0.498513,,1,0.25,3.40965667191,5.92530437091,0.7,0.392382025457,,,,,0.606018,,1,0.1,3.9081818211,6.41943288133,0.7,0.191241693537,,,,,0.7,0.178571436409,,,,,0.7,0.178571436409,,,,,0.7,0.637868257327,,,,,0.690308,,1,0,,,0.534748,,1,0.2,3.70602046308,13.1151797747,0.7,0.1156160963,,,,,0.7,0.0966107106069,,,,,0.7,0.109280967736,,,,
0.7,0.0716661418846,,,,,0.694754,,0,,,,0.72,0.0716661418846,,,,,0.5,0.555907531525,,,,,0.72,0.386046896892,,,,,0.61209,,0,,,,0.72,0.178571436409,,,,,0.72,0.178571436409,,,,,0.72,0.184906564973,,,,,0.72,0.600253431476,,,,,0.69751,,0,,,,0.54,0.650538514456,,,,,0.72,0.109280967736,,,,,0.72,0.0966107106069,,,,,0.72,0.102945839171,,,,
0.706654,,0,,,,0.7,0.0399904990627,,,,,0.74,0.0716661418846,,,,,0.505471,,0,,,,0.74,0.405052282586,,,,,0.61868,,1,0.15,3.96796453028,3.02342119906,0.74,0.178571436409,,,,,0.74,0.191241693537,,,,,0.74,0.16590117928,,,,,0.74,0.631533128762,,,,,0.7,0.637868257327,,,,,0.541085,,0,,,,0.74,0.109280967736,,,,,0.74,0.0966107106069,,,,,0.737493,,1,0,,
0.72,0.0716661418846,,,,,0.72,0.0399904990627,,,,,0.76,0.0716661418846,,,,,0.512995,,1,0.3,3.49943948144,6.473923572,0.76,0.41138741115,,,,,0.62,0.367437456734,,,,,0.76,0.184906564973,,,,,0.76,0.184906564973,,,,,0.76,0.191241693537,,,,,0.76,0.663208771584,,,,,0.705317,,1,0.05,3.41964270314,11.76736232,0.547932,,1,0.25,3.85335212159,9.23488978103,0.76,0.1156160963,,,,,0.76,0.0966107106069,,,,,0.74,0.0966107106069,,,,
0.73719,,1,0.05,0.886505592841,1.049728373,0.74,0.0336553704983,,,,,0.78,0.0716661418846,,,,,0.519732,,0,,,,0.78,0.392382025457,,,,,0.624657,,0,,,,0.78,0.178571436409,,,,,0.78,0.178571436409,,,,,0.78,0.184906564973,,,,,0.78,0.644203385891,,,,,0.712178,,0,,,,0.554097,,0,,,,0.78,0.1156160963,,,,,0.78,0.0966107106069,,,,,0.755866,,0,,,
0.74,0.0653310133202,,,,,0.76,0.0399904990627,,,,,0.8,0.0653310133202,,,,,0.52,0.549968348496,,,,,0.781104,,1,0,,,0.631221,,1,0.2,4.03962344324,8.40452122243,0.8,0.178571436409,,,,,0.8,0.191241693537,,,,,0.8,0.172236307844,,,,,0.8,0.618862871634,,,,,0.719588,,1,0.1,3.57825096335,10.4606890012,0.56,0.637868257327,,,,,0.8,0.1156160963,,,,,0.8,0.102945839171,,,,,0.76,0.102945839171,,,,
0.76,0.0589958847559,,,,,0.78,0.0336553704983,,,,,0.82,0.0716661418846,,,,,0.527099,,1,0.35,3.59090201269,6.49580576001,0.789525,,0,,,,0.637069,,0,,,,0.82,0.184906564973,,,,,0.82,0.172236307844,,,,,0.816568,,1,0,,,0.815233,,1,0,,,0.72,0.631533128762,,,,,0.560712,,1,0.3,3.97489186661,9.78541460438,0.82,0.128286353429,,,,,0.82,0.102945839171,,,,,0.775605,,1,0.05,1.3593022815,2.48633120879
0.763404,,0,,,,0.795161,,1,0.05,0.293806279616,0.568844664731,0.84,0.0776053249137,,,,,0.533706,,0,,,,0.798756,,1,0.05,2.88350221643,5.77407595229,0.64,0.379711768328,,,,,0.84,0.16590117928,,,,,0.84,0.184906564973,,,,,0.82,0.197180876567,,,,,0.82,0.625198000198,,,,,0.726182,,0,,,,0.566631,,0,,,,0.84,0.128286353429,,,,,0.833189,,1,0,,,0.78,0.0902755820425,,,,
0.78,0.0653310133202,,,,,0.8,0.0336553704983,,,,,0.86,0.0653310133202,,,,,0.54,0.562242660089,,,,,0.8,0.386046896892,,,,,0.643443,,1,0.25,4.12091144251,4.8973932384,0.86,0.184906564973,,,,,0.841742,,1,0,,,0.827627,,0,,,,0.821684,,0,,,,0.733287,,1,0.15,3.71336221249,9.26502077972,0.573102,,1,0.35,4.10861512252,11.8002602789,0.86,0.1156160963,,,,,0.84,0.0966107106069,,,,,0.792668,,0,,,
0.791824,,1,0.1,0.942636985906,1.00508705568,0.82,0.0273202419339,,,,,0.88,0.0653310133202,,,,,0.540852,,1,0.4,3.68194055587,6.74327562967,0.80695,,0,,,,0.649202,,0,,,,0.88,0.184906564973,,,,,0.855452,,0,,,,0.839704,,1,0.05,2.20742267117,4.00142703717,0.828834,,1,0.05,3.74179938535,9.64621806668,0.739612,,0,,,,0.578872,,0,,,,0.88,0.128286353429,,,,,0.854049,,0,,,,0.8,0.109280967736,,,,
0.8,0.0653310133202,,,,,0.84,0.0273202419339,,,,,0.9,0.0776053249137,,,,,0.547183,,0,,,,0.815805,,1,0.1,2.98269095003,5.86164855989,0.65549,,1,0.3,4.18266553198,5.35480058196,0.9,0.172236307844,,,,,0.86,0.184906564973,,,,,0.84,0.191241693537,,,,,0.835099,,0,,,,0.74,0.637868257327,,,,,0.58,0.644203385891,,,,,0.9,0.1156160963,,,,,0.86,0.102945839171,,,,,0.811228,,1,0.1,1.44792067375,2.48901574361
0.816955,,0,,,,0.86,0.0399904990627,,,,,0.92,0.0653310133202,,,,,0.554267,,1,0.45,3.76318690209,5.36948564172,0.82,0.373772585299,,,,,0.66,0.386046896892,,,,,0.905825,,1,0,,,0.870467,,1,0.05,1.79098397968,3.50495675423,0.850367,,0,,,,0.84,0.631533128762,,,,,0.746533,,1,0.2,3.86389895612,13.4643682626,0.585066,,1,0.4,4.23589575785,9.47701075665,0.92,0.0902755820425,,,,,0.876384,,1,0.05,1.2119677511,2.52003097564,0.82,0.0966107106069,,,,
0.82,0.0589958847559,,,,,0.870407,,0,,,,0.94,0.0776053249137,,,,,0.56,0.549968348496,,,,,0.823721,,0,,,,0.661125,,0,,,,0.918599,,0,,,,0.88,0.16590117928,,,,,0.86,0.178571436409,,,,,0.841974,,1,0.1,3.88384785129,11.9745530049,0.752621,,0,,,,0.590609,,0,,,,0.94,0.109280967736,,,,,0.88,0.0966107106069,,,,,0.827329,,0,,,
0.84,0.0653310133202,,,,,0.88,0.0399904990627,,,,,0.96,0.0716661418846,,,,,0.560531,,0,,,,0.832301,,1,0.15,3.07512589098,5.34530354387,0.667354,,1,0.35,4.26065121753,7.79180857991,0.92,0.184906564973,,,,,0.883566,,0,,,,0.861908,,1,0.1,2.26510785443,1.19450011647,0.848012,,0,,,,0.759194,,1,0.25,4.00979841404,9.58269878097,0.596718,,1,0.45,4.35635055208,11.198374452,0.96,0.0966107106069,,,,,0.895575,,0,,,,0.84,0.0966107106069,,,,
0.843446,,1,0.15,0.999074680418,1.18148822277,0.9,0.0399904990627,,,,,0.98,0.0653310133202,,,,,0.56743,,1,0.5,3.83047447051,4.85425794422,0.839934,,0,,,,0.672963,,0,,,,0.93258,,1,0.05,1.90856920549,2.97212761621,0.897661,,1,0.1,1.87465949268,2.64901198901,0.87248,,0,,,,0.854602,,1,0.15,4.02819695058,10.8871985451,0.76,0.631533128762,,,,,0.6,0.631533128762,,,,,0.98,0.102945839171,,,,,0.9,0.0902755820425,,,,,0.844792,,1,0.15,1.52152132957,1.89667462827
0.86,0.0589958847559,,,,,0.92,0.0273202419339,,,,,1,0.0716661418846,,,,,0.573563,,0,,,,0.84,0.373772585299,,,,,0.678966,,1,0.4,4.34512208084,6.75708279243,0.94,0.191241693537,,,,,0.9,0.184906564973,,,,,0.88,0.184906564973,,,,,0.86,0.625198000198,,,,,0.765101,,0,,,,0.602076,,0,,,,1,0.109280967736,,,,,0.916007,,1,0.1,1.31042474822,2.44965820074,0.86,0.1156160963,,,,
0.86676,,0,,,,0.94,0.0399904990627,,,,,1.02,0.0653310133202,,,,,0.58,0.537298091367,,,,,0.848337,,1,0.2,3.17410404914,6.99919111326,0.68,0.379711768328,,,,,0.944986,,0,,,,0.910353,,0,,,,0.883855,,1,0.15,2.30876419366,2.78384218319,0.860448,,0,,,,0.771483,,1,0.3,4.13497532379,10.7894893139,0.608031,,1,0.5,4.48048886114,10.7477599184,1.02,0.109280967736,,,,,0.92,0.0966107106069,,,,,0.860269,,0,,,
0.88,0.0589958847559,,,,,0.943919,,1,0.1,0.377422663848,0.555348780086,1.04,0.0716661418846,,,,,0.580377,,1,0.55,3.89807941948,5.58908012174,0.85576,,0,,,,0.684337,,0,,,,0.958264,,1,0.1,1.97848368946,2.47207764573,0.92,0.178571436409,,,,,0.894079,,0,,,,0.866813,,1,0.2,4.17541234854,13.2247329849,0.777163,,0,,,,0.613284,,0,,,,1.04,0.109280967736,,,,,0.933872,,0,,,,0.877007,,1,0.2,1.59758197302,2.82538922106
0.892093,,1,0.2,1.05872339301,1.27081973409,0.96,0.0336553704983,,,,,1.06,0.0716661418846,,,,,0.586385,,0,,,,0.86,0.398717154021,,,,,0.690372,,1,0.45,4.4114621662,4.87540631147,0.96,0.178571436409,,,,,0.923848,,1,0.15,1.94618930505,2.81398968106,0.9,0.178571436409,,,,,0.87245,,0,,,,0.78,0.669543900149,,,,,0.619045,,1,0.55,4.61855972312,14.3241234987,1.06,0.1156160963,,,,,0.94,0.0966107106069,,,,,0.88,0.109280967736,,,,
0.9,0.0653310133202,,,,,0.98,0.0336553704983,,,,,1.08,0.0653310133202,,,,,0.593088,,1,0.6,,,0.863825,,1,0.25,3.27994305277,6.66803559514,0.695734,,0,,,,0.970253,,0,,,,0.935928,,0,,,,0.905236,,1,0.2,2.39237971182,5.03763652744,0.878569,,1,0.25,4.31190421413,9.99606755728,0.78339,,1,0.35,4.27735680664,13.1261036742,0.62,0.631533128762,,,,,1.08,0.0902755820425,,,,,0.952891,,1,0.15,1.39758986897,2.27678799542,0.891657,,0,,,
0.914179,,0,,,,1,0.0273202419339,,,,,1.1,0.0653310133202,,,,,0.598873,,0,,,,0.871053,,0,,,,0.7,0.367437456734,,,,,0.98,0.191241693537,,,,,0.94,0.178571436409,,,,,0.915061,,0,,,,0.88,0.612923688604,,,,,0.788919,,0,,,,0.624063,,0,,,,1.1,0.0966107106069,,,,,0.96,0.109280967736,,,,,0.9,0.109280967736,,,,
0.92,0.0776053249137,,,,,1.004181,,0,,,,1.12,0.0716661418846,,,,,0.6,0.549968348496,,,,,0.87884,,1,0.3,3.37498758551,5.99190882592,0.701636,,1,0.5,4.48712982096,8.55990170796,0.983149,,1,0.15,2.04664399874,3.00594600545,0.949079,,1,0.2,2.02225797399,3.21578868238,0.92,0.184906564973,,,,,0.884049,,0,,,,0.794877,,1,0.4,4.41024387787,10.0108461342,0.629695,,1,0.6,,,1.12,0.109280967736,,,,,0.969572,,0,,,,0.907483,,1,0.25,1.68227108242,2.7323683193
0.938052,,1,0.25,1.10586618682,0.780695477894,1.02,0.0209851133695,,,,,1.14,0.0776053249137,,,,,0.62,0.543633219932,,,,,0.88,0.386046896892,,,,,0.706871,,0,,,,0.994645,,0,,,,0.96,0.178571436409,,,,,0.925695,,1,0.25,2.46530114461,2.09090668562,0.890013,,1,0.3,4.41578286827,8.15818867148,0.8,0.669543900149,,,,,0.634581,,0,,,,1.14,0.109280967736,,,,,0.98,0.109280967736,,,,,0.92,0.109280967736,,,,
0.94,0.0589958847559,,,,,1.04,0.0399904990627,,,,,1.16,0.0653310133202,,,,,0.64,0.549968348496,,,,,0.885843,,0,,,,0.712663,,1,0.55,4.56281141376,5.16669533428,1,0.172236307844,,,,,0.960707,,0,,,,0.935295,,0,,,,0.89534,,0,,,,0.800194,,0,,,,0.64,0.688153340307,,,,,1.16,0.0966107106069,,,,,0.987681,,1,0.2,1.4791414092,2.411429322,0.921427,,0,,,
0.95943,,0,,,,1.06,0.0336553704983,,,,,1.18,0.0776053249137,,,,,0.66,0.524627834238,,,,,0.893465,,1,0.35,3.46690298076,6.57771787392,0.717805,,0,,,,1.007156,,1,0.2,2.13057912315,3.98660820017,0.973336,,1,0.25,2.09057688337,2.41713454652,0.94,0.197180876567,,,,,0.9,0.637868257327,,,,,0.806072,,1,0.45,4.52042850732,9.67376832908,0.66,0.713493854564,,,,,1.18,0.0966107106069,,,,,1,0.0902755820425,,,,,0.93652,,1,0.3,1.75752824204,2.45116714368
0.96,0.0653310133202,,,,,1.065518,,1,0.15,0.442499032913,0.514995039597,1.2,0.0776053249137,,,,,0.68,0.499287319981,,,,,0.9,0.386046896892,,,,,0.72,0.373772585299,,,,,1.01818,,0,,,,0.98,0.184906564973,,,,,0.945805,,1,0.3,2.50632876194,1.98941328741,0.90122,,1,0.35,4.526714137,11.6385934713,0.811266,,0,,,,0.68,1.00293004085,,,,,1.2,0.0902755820425,,,,,1.003529,,0,,,,0.94,0.102945839171,,,,
0.98,0.0653310133202,,,,,1.08,0.0399904990627,,,,,1.22,0.0716661418846,,,,,0.7,0.442667108437,,,,,0.900347,,0,,,,0.723554,,1,0.6,,,1.02,0.178571436409,,,,,0.984652,,0,,,,0.95524,,0,,,,0.906469,,0,,,,0.817005,,1,0.5,4.64717437879,13.5121589493,0.7,0.694488468871,,,,,1.22,0.0966107106069,,,,,1.02,0.0902755820425,,,,,0.949964,,0,,,
0.982566,,1,0.3,1.1490299314,1.15863797128,1.1,0.0399904990627,,,,,1.226517,,1,0,,,0.72,0.738438423286,,,,,0.907695,,1,0.4,3.55378721228,5.63369906498,0.728562,,0,,,,1.03013,,1,0.25,2.20856388578,2.80234998141,0.996931,,1,0.3,2.15701904503,3.21475031548,0.96,0.197180876567,,,,,0.912113,,1,0.4,4.64260979153,9.64032960433,0.82,0.618862871634,,,,,0.72,1.40560665022,,,,,1.24,0.102945839171,,,,,1.020601,,1,0.25,1.56066139881,2.5411824402,0.96,0.0966107106069,,,,
1,0.0589958847559,,,,,1.117563,,0,,,,1.24,0.0653310133202,,,,,0.74,1.08489076665,,,,,0.914268,,0,,,,0.74,0.398717154021,,,,,1.04,0.172236307844,,,,,1,0.172236307844,,,,,0.965599,,1,0.35,2.56331826794,3.76884739787,0.917163,,0,,,,0.822053,,0,,,,0.74,1.51251194475,,,,,1.26,0.0902755820425,,,,,1.035705,,0,,,,0.964426,,1,0.35,1.82239291819,2.19763068826
1.00302,,0,,,,1.12,0.0336553704983,,,,,1.248824,,0,,,,0.76,1.39293639309,,,,,0.92,0.392382025457,,,,,0.76,0.379711768328,,,,,1.040885,,0,,,,1.007857,,0,,,,0.974847,,0,,,,0.92,0.663208771584,,,,,0.827601,,1,0.55,4.77311358823,10.2589262598,0.76,1.4558917332,,,,,1.28,0.109280967736,,,,,1.04,0.0966107106069,,,,,0.977592,,0,,,
1.02,0.0716661418846,,,,,1.14,0.0399904990627,,,,,1.26,0.0716661418846,,,,,0.78,1.99081415136,,,,,0.921611,,1,0.45,3.63631488847,6.22713396148,0.78,0.644203385891,,,,,1.052453,,1,0.3,2.26333070653,2.10441172141,1.019724,,1,0.35,2.23635855319,3.74699304083,0.98,0.191241693537,,,,,0.922765,,1,0.45,4.75911112161,12.2337466404,0.832486,,0,,,,0.78,1.11617046394,,,,,1.3,0.102945839171,,,,,1.051844,,1,0.3,1.63916802762,2.48436752657,0.98,0.109280967736,,,,
1.025166,,1,0.35,1.2002523264,1.2461693058,1.16,0.0399904990627,,,,,1.273561,,1,0.05,1.08318788466,0.865278960308,0.8,0.713493854564,,,,,0.928065,,0,,,,0.8,0.939974700741,,,,,1.06,0.16590117928,,,,,1.02,0.172236307844,,,,,0.984833,,1,0.4,2.62330415977,2.46863745464,0.927699,,0,,,,0.837961,,1,0.6,,,0.8,0.480677879823,,,,,1.32,0.0966107106069,,,,,1.06,0.0839404534781,,,,,0.991423,,1,0.4,1.87688302548,1.83912208366
1.04,0.0653310133202,,,,,1.171924,,1,0.2,0.49883803277,0.543949002217,1.28,0.0653310133202,,,,,0.82,0.398717154021,,,,,0.935203,,1,0.5,3.71513793365,5.3713129453,0.82,0.826734277653,,,,,1.062909,,0,,,,1.030282,,0,,,,0.993778,,0,,,,0.933133,,1,0.5,4.88886074035,12.7951149992,0.84,0.637868257327,,,,,0.82,0.348432071041,,,,,1.34,0.0902755820425,,,,,1.066188,,0,,,,1,0.102945839171,,,,
1.044894,,0,,,,1.18,0.0273202419339,,,,,1.295168,,0,,,,0.84,0.562242660089,,,,,0.94,0.430392796843,,,,,0.84,0.549968348496,,,,,1.074322,,1,0.35,2.3247577041,3.51331177535,1.04,0.191241693537,,,,,1,0.172236307844,,,,,0.937926,,0,,,,0.84271,,0,,,,0.84,0.222521390824,,,,,1.36,0.102945839171,,,,,1.08,0.102945839171,,,,,1.004007,,0,,,
1.06,0.0653310133202,,,,,1.2,0.0273202419339,,,,,1.3,0.0776053249137,,,,,0.86,0.965315214999,,,,,0.94154,,0,,,,0.86,0.549968348496,,,,,1.08,0.172236307844,,,,,1.041678,,1,0.4,2.30278154582,2.30411314748,1.003725,,1,0.45,2.68224665847,3.77130524065,0.94,0.644203385891,,,,,0.86,0.688153340307,,,,,0.86,0.21618626226,,,,,1.38,0.102945839171,,,,,1.081673,,1,0.35,1.71516642589,2.61123730623,1.017724,,1,0.45,1.94447168218,3.30050429551
1.06596,,1,0.4,1.23229563643,0.324812212496,1.218117,,0,,,,1.3189,,1,0.1,1.12928253869,1.16805455045,0.88,1.17279067548,,,,,0.948533,,1,0.55,3.79040670222,5.92182562506,0.88,0.726164111693,,,,,1.084549,,0,,,,1.05187,,0,,,,1.012483,,0,,,,0.943227,,1,0.55,5.02056970751,13.3013714598,0.88,0.75744380898,,,,,0.88,0.379711768328,,,,,1.39522,,1,0,,,1.095449,,0,,,,1.02,0.102945839171,,,,
1.08,0.0653310133202,,,,,1.22,0.0399904990627,,,,,1.32,0.0463256276271,,,,,0.9,0.75744380898,,,,,0.954665,,0,,,,0.9,0.612923688604,,,,,1.095491,,1,0.4,2.38626675826,2.29792674813,1.06,0.191241693537,,,,,1.02,0.184906564973,,,,,0.947879,,0,,,,0.9,1.29236622714,,,,,0.9,1.32404186996,,,,,1.4,0.102945839171,,,,,1.1,0.109280967736,,,,,1.0297,,0,,,
1.085014,,0,,,,1.24,0.0399904990627,,,,,1.339587,,0,,,,0.92,0.574912917218,,,,,0.96,0.26647134524,,,,,0.92,0.41138741115,,,,,1.1,0.16590117928,,,,,1.06316,,1,0.45,2.35651993679,2.69899559208,1.022128,,1,0.5,2.74346023658,2.88125989664,0.953058,,1,0.6,,,0.92,1.85896428811,,,,,0.92,1.9722047112,,,,,1.413107,,0,,,,1.110205,,1,0.4,1.78114445482,2.01360700393,1.04,0.109280967736,,,,
1.1,0.0589958847559,,,,,1.26,0.0273202419339,,,,,1.34,0.0589958847559,,,,,0.94,0.625198000198,,,,,0.961591,,1,0.6,,,0.94,0.436331979872,,,,,1.105253,,0,,,,1.073147,,0,,,,1.030687,,0,,,,0.957541,,0,,,,0.94,1.52518220188,,,,,0.94,1.1415109782,,,,,1.42,0.109280967736,,,,,1.12,0.0902755820425,,,,,1.0429,,1,0.5,2.01131793935,2.00981165381
1.10632,,1,0.45,1.26281823813,1.18770521561,1.267207,,1,0.25,0.545597516833,0.437537392266,1.36,0.0902755820425,,,,,0.96,0.795058634831,,,,,0.967571,,0,,,,0.96,0.574912917218,,,,,1.116237,,1,0.45,2.44091410631,2.9703030843,1.08,0.172236307844,,,,,1.04,0.178571436409,,,,,0.96,0.618862871634,,,,,0.96,0.85207479191,,,,,0.96,0.744773551851,,,,,1.432463,,1,0.05,1.38810399298,2.4471619091,1.123316,,0,,,,1.054554,,0,,,
1.12,0.0653310133202,,,,,1.28,0.0273202419339,,,,,1.362206,,1,0.15,1.17011607537,0.717759733216,0.98,0.85207479191,,,,,0.98,0.386046896892,,,,,0.98,0.637868257327,,,,,1.12,0.184906564973,,,,,1.084126,,1,0.5,2.41576585937,2.95262346551,1.040182,,1,0.55,2.7982526577,3.18857738238,0.98,0.644203385891,,,,,0.98,0.914634186483,,,,,0.98,0.826734277653,,,,,1.44,0.0966107106069,,,,,1.137845,,1,0.45,1.84461075905,2.57874496615,1.06,0.109280967736,,,,
1.124886,,0,,,,1.3,0.0209851133695,,,,,1.38,0.0653310133202,,,,,1,0.826734277653,,,,,1,0.0150459303404,,,,,1,0.581248045783,,,,,1.125858,,0,,,,1.093836,,0,,,,1.048511,,0,,,,1,0.644203385891,,,,,1,1.42461203592,,,,,1,1.22941088703,,,,,1.449229,,0,,,,1.14,0.0902755820425,,,,,1.067458,,1,0.55,2.05394960994,1.4621054884
1.14,0.0589958847559,,,,,1.310008,,0,,,,1.382547,,0,,,,1.02,0.983924655156,,,,,1.02,-0.431976578984,,,,,1.02,0.612923688604,,,,,1.136472,,1,0.5,2.48855001988,1.73796610965,1.1,0.178571436409,,,,,1.057872,,1,0.6,,,1.02,0.574912917218,,,,,1.02,1.0405448667,,,,,1.02,1.17912580405,,,,,1.46,0.109280967736,,,,,1.150513,,0,,,,1.078866,,0,,,
1.145203,,1,0.5,1.30807002227,1.1398818605,1.32,0.0399904990627,,,,,1.4,0.0716661418846,,,,,1.04,0.990259783721,,,,,1.04,-0.922949042724,,,,,1.04,0.543633219932,,,,,1.14,0.172236307844,,,,,1.104568,,1,0.55,2.46831542311,2.18870945039,1.06,0.172236307844,,,,,1.04,1.00293004085,,,,,1.04,0.36110232817,,,,,1.04,0.839404534781,,,,,1.467407,,1,0.1,1.47530551755,2.54376783961,1.16,0.102945839171,,,,,1.08,0.0966107106069,,,,
1.16,0.0653310133202,,,,,1.34,0.0399904990627,,,,,1.404391,,1,0.2,1.21860351551,1.58104032087,1.06,0.896024746326,,,,,1.06,-0.639452039468,,,,,1.06,0.493348136952,,,,,1.146003,,0,,,,1.113973,,0,,,,1.066085,,0,,,,1.06,2.09178026285,,,,,1.06,0.430392796843,,,,,1.06,0.694488468871,,,,,1.48,0.102945839171,,,,,1.164456,,1,0.5,1.91112409141,2.42019023802,1.091594,,1,0.6,,
1.163249,,0,,,,1.355709,,1,0.3,0.582604298054,0.39875514851,1.42,0.0716661418846,,,,,1.08,0.763778937544,,,,,1.08,-1.08013942023,,,,,1.08,0.468007622694,,,,,1.156425,,1,0.55,2.54898643245,4.31991115881,1.12,0.153230922151,,,,,1.08,0.184906564973,,,,,1.08,2.70193233271,,,,,1.08,0.833069406217,,,,,1.08,0.870684232068,,,,,1.483316,,0,,,,1.176666,,0,,,,1.1,0.1156160963,,,,
1.18,0.0653310133202,,,,,1.36,0.0273202419339,,,,,1.42355,,0,,,,1.1,0.700823597435,,,,,1.1,-1.16210014603,,,,,1.1,0.46167249413,,,,,1.16,0.178571436409,,,,,1.124646,,1,0.6,,,1.1,0.184906564973,,,,,1.1,2.70193233271,,,,,1.1,1.27969597001,,,,,1.1,0.933639572177,,,,,1.5,0.0902755820425,,,,,1.18,0.109280967736,,,,,1.102494,,0,,,
1.182811,,1,0.55,1.34613304847,0.884316511977,1.38,0.0273202419339,,,,,1.44,0.0776053249137,,,,,1.12,0.738438423286,,,,,1.12,-0.582831827924,,,,,1.12,0.449002237001,,,,,1.165531,,0,,,,1.133715,,0,,,,1.12,0.178571436409,,,,,1.12,0.600253431476,,,,,1.12,1.27336084144,,,,,1.12,0.820399149088,,,,,1.500362,,1,0.15,1.54337756506,1.58744426828,1.190199,,1,0.55,1.97061493928,2.20171458008,1.12,0.109280967736,,,,
1.2,0.0589958847559,,,,,1.39617,,0,,,,1.444384,,1,0.25,1.26443952591,0.711161334277,1.14,0.732499240257,,,,,1.14,-0.0166297124815,,,,,1.14,0.442667108437,,,,,1.175725,,1,0.6,,,1.14,0.184906564973,,,,,1.14,0.184906564973,,,,,1.14,0.235191647953,,,,,1.14,0.845739663346,,,,,1.14,0.789119451802,,,,,1.515615,,0,,,,1.2,0.0966107106069,,,,,1.14,0.121951224864,,,,
1.200145,,0,,,,1.4,0.0336553704983,,,,,1.46,0.0653310133202,,,,,1.16,0.707158726,,,,,1.16,0.228856519389,,,,,1.16,0.41138741115,,,,,1.18,0.178571436409,,,,,1.16,0.178571436409,,,,,1.16,0.184906564973,,,,,1.16,0.159566050716,,,,,1.16,0.732499240257,,,,,1.16,0.896024746326,,,,,1.52,0.0966107106069,,,,,1.202038,,0,,,,1.16,0.1156160963,,,,
1.219512,,1,0.6,,,1.42,0.0336553704983,,,,,1.4631,,0,,,,1.18,0.719828983129,,,,,1.18,0.487013008387,,,,,1.18,0.36110232817,,,,,1.184619,,0,,,,1.18,0.172236307844,,,,,1.18,0.191241693537,,,,,1.18,0.518292705674,,,,,1.18,0.977589526592,,,,,1.18,0.908695003454,,,,,1.532236,,1,0.2,1.61329649256,2.79976333033,1.215222,,1,0.6,,,1.18,0.0966107106069,,,,
1.22,0.0653310133202,,,,,1.439148,,1,0.35,0.618370000901,0.458534676317,1.48,0.0589958847559,,,,,1.2,0.713493854564,,,,,1.2,0.499287319981,,,,,1.2,0.379711768328,,,,,1.2,0.184906564973,,,,,1.2,0.184906564973,,,,,1.2,0.272806473804,,,,,1.2,1.27336084144,,,,,1.2,1.05321512383,,,,,1.2,0.826734277653,,,,,1.54,0.102945839171,,,,,1.22,0.0966107106069,,,,,1.2,0.109280967736,,,,
1.236348,,0,,,,1.44,0.0336553704983,,,,,1.483497,,1,0.3,1.29684050682,0.945626992638,1.22,0.694488468871,,,,,1.22,0.335761813913,,,,,1.22,0.342096942477,,,,,1.22,0.16590117928,,,,,1.22,0.184906564973,,,,,1.22,0.247861905082,,,,,1.22,2.5637473409,,,,,1.22,0.927304443612,,,,,1.22,0.789119451802,,,,,1.546784,,0,,,,1.226585,,0,,,,1.22,0.121951224864,,,,
1.24,0.0589958847559,,,,,1.46,0.0273202419339,,,,,1.5,0.0776053249137,,,,,1.24,0.713493854564,,,,,1.24,0.247861905082,,,,,1.24,0.354767199606,,,,,1.24,0.184906564973,,,,,1.24,0.146895793587,,,,,1.24,0.31081724519,,,,,1.24,2.01615466562,,,,,1.24,0.896024746326,,,,,1.24,0.839404534781,,,,,1.56,0.109280967736,,,,,1.24,0.102945839171,,,,,1.24,0.191241693537,,,,
1.26,0.0653310133202,,,,,1.477261,,0,,,,1.501647,,0,,,,1.26,0.694488468871,,,,,1.26,0.153230922151,,,,,1.26,0.36110232817,,,,,1.26,0.247861905082,,,,,1.26,0.16590117928,,,,,1.26,0.26647134524,,,,,1.26,0.530962962803,,,,,1.26,0.965315214999,,,,,1.26,0.789119451802,,,,,1.562437,,1,0.25,1.68950211059,2.2467992355,1.26,0.0902755820425,,,,,1.26,0.178571436409,,,,
1.28,0.0653310133202,,,,,1.48,0.0399904990627,,,,,1.52,0.0653310133202,,,,,1.28,0.694488468871,,,,,1.28,0.191241693537,,,,,1.28,0.36110232817,,,,,1.28,0.291811859497,,,,,1.28,0.159566050716,,,,,1.28,0.228856519389,,,,,1.28,0.254197033646,,,,,1.28,0.983924655156,,,,,1.28,0.770114066108,,,,,1.576437,,0,,,,1.28,0.0902755820425,,,,,1.28,0.134621481993,,,,
1.3,0.0653310133202,,,,,1.5,0.0336553704983,,,,,1.521525,,1,0.35,1.34094187528,1.37378861965,1.3,0.681818211742,,,,,1.3,0.405052282586,,,,,1.3,0.398717154021,,,,,1.3,0.235191647953,,,,,1.3,0.109280967736,,,,,1.3,0.222521390824,,,,,1.3,0.51195757711,,,,,1.3,0.877019360632,,,,,1.3,0.713493854564,,,,,1.58,0.1156160963,,,,,1.3,0.109280967736,,,,,1.3,0.134621481993,,,,
1.32,0.0589958847559,,,,,1.517717,,1,0.4,0.643895673391,0.191229797965,1.539208,,0,,,,1.32,0.65687364302,,,,,1.32,0.430392796843,,,,,1.32,0.417722539714,,,,,1.32,0.241526776517,,,,,1.32,0.172236307844,,,,,1.32,0.16590117928,,,,,1.32,0.95264495787,,,,,1.32,0.858013974939,,,,,1.32,0.707158726,,,,,1.591471,,1,0.3,1.75784726153,2.46113979787,1.32,0.0776053249137,,,,,1.32,0.0839404534781,,,,
1.34,0.0653310133202,,,,,1.52,0.0273202419339,,,,,1.54,0.0589958847559,,,,,1.34,0.681818211742,,,,,1.34,0.36110232817,,,,,1.34,0.348432071041,,,,,1.34,0.291811859497,,,,,1.34,0.31081724519,,,,,1.34,0.128286353429,,,,,1.34,1.36165669581,,,,,1.34,0.877019360632,,,,,1.34,0.726164111693,,,,,1.6,0.102945839171,,,,,1.34,0.0902755820425,,,,,1.34,0.0336553704983,,,,
1.36,0.0589958847559,,,,,1.54,0.0336553704983,,,,,1.558126,,1,0.4,1.38048028276,0.786721064871,1.36,0.713493854564,,,,,1.36,0.386046896892,,,,,1.36,0.342096942477,,,,,1.36,0.222521390824,,,,,1.36,0.109280967736,,,,,1.36,0.209851133695,,,,,1.36,0.95264495787,,,,,1.36,0.85207479191,,,,,1.36,0.845739663346,,,,,1.604837,,0,,,,1.36,0.102945839171,,,,,1.36,0.0839404534781,,,,
1.38,0.0589958847559,,,,,1.554116,,0,,,,1.56,0.0716661418846,,,,,1.38,0.719828983129,,,,,1.38,0.424057668279,,,,,1.38,0.373772585299,,,,,1.38,0.16590117928,,,,,1.38,0.625198000198,,,,,1.38,0.272806473804,,,,,1.38,0.574912917218,,,,,1.38,0.90235987489,,,,,1.38,0.920969315048,,,,,1.61937,,1,0.35,1.82538473292,2.38042953337,1.38,0.0839404534781,,,,,1.38,0.102945839171,,,,
1.4,0.0653310133202,,,,,1.56,0.0399904990627,,,,,1.574981,,0,,,,1.4,0.75744380898,,,,,1.4,0.405052282586,,,,,1.4,0.367437456734,,,,,1.4,0.153230922151,,,,,1.4,0.468007622694,,,,,1.4,0.241526776517,,,,,1.4,0.593918302911,,,,,1.4,0.833069406217,,,,,1.4,0.896024746326,,,,,1.62,0.0902755820425,,,,,1.4,0.0776053249137,,,,,1.4,0.121951224864,,,,
1.42,0.0463256276271,,,,,1.58,0.0209851133695,,,,,1.58,0.0716661418846,,,,,1.42,0.782784323237,,,,,1.42,0.405052282586,,,,,1.42,0.46167249413,,,,,1.42,0.228856519389,,,,,1.42,0.128286353429,,,,,1.42,0.209851133695,,,,,1.42,0.933639572177,,,,,1.42,0.883354489197,,,,,1.42,0.864349103504,,,,,1.632334,,0,,,,1.42,0.0776053249137,,,,,1.42,0.0902755820425,,,,
1.44,0.0589958847559,,,,,1.594494,,1,0.45,0.665950359583,0.38328304291,1.593979,,1,0.45,1.40451453314,0.553989635971,1.44,0.776449194673,,,,,1.44,0.41138741115,,,,,1.44,0.51195757711,,,,,1.44,0.191241693537,,,,,1.44,0.241526776517,,,,,1.44,0.21618626226,,,,,1.44,1.1225055925,,,,,1.44,0.914634186483,,,,,1.44,0.889689617761,,,,,1.64,0.102945839171,,,,,1.44,0.102945839171,,,,,1.44,0.0839404534781,,,,
1.46,0.0653310133202,,,,,1.6,0.0336553704983,,,,,1.6,0.0653310133202,,,,,1.46,0.770114066108,,,,,1.46,0.386046896892,,,,,1.46,0.518292705674,,,,,1.46,0.159566050716,,,,,1.46,0.468007622694,,,,,1.46,0.209851133695,,,,,1.46,0.933639572177,,,,,1.46,0.914634186483,,,,,1.46,0.914634186483,,,,,1.646289,,1,0.4,1.87820808703,1.54418535653,1.46,0.128286353429,,,,,1.46,0.0966107106069,,,,
1.48,0.0653310133202,,,,,1.62,0.0273202419339,,,,,1.610829,,0,,,,1.48,0.732499240257,,,,,1.48,0.379711768328,,,,,1.48,0.487013008387,,,,,1.48,0.191241693537,,,,,1.48,0.329426685348,,,,,1.48,0.197180876567,,,,,1.48,0.738438423286,,,,,1.48,0.946309829305,,,,,1.48,0.965315214999,,,,,1.658786,,0,,,,1.48,0.0839404534781,,,,,1.48,0.0653310133202,,,,
1.5,0.0399904990627,,,,,1.629848,,0,,,,1.62,0.0776053249137,,,,,1.5,0.738438423286,,,,,1.5,0.398717154021,,,,,1.5,0.480677879823,,,,,1.5,0.203516005131,,,,,1.5,0.172236307844,,,,,1.5,0.209851133695,,,,,1.5,0.814064020524,,,,,1.5,0.920969315048,,,,,1.5,0.939974700741,,,,,1.66,0.0966107106069,,,,,1.5,0.0463256276271,,,,,1.5,0.0839404534781,,,,
1.52,0.0589958847559,,,,,1.64,0.0273202419339,,,,,1.629332,,1,0.5,1.43449111268,1.14185397266,1.52,0.751108680415,,,,,1.52,0.392382025457,,,,,1.52,0.487013008387,,,,,1.52,0.184906564973,,,,,1.52,0.178571436409,,,,,1.52,0.191241693537,,,,,1.52,0.90235987489,,,,,1.52,0.927304443612,,,,,1.52,0.826734277653,,,,,1.672625,,1,0.45,1.93191527204,2.53442832854,1.52,0.1156160963,,,,,1.52,0.0966107106069,,,,
1.54,0.0589958847559,,,,,1.66,0.0273202419339,,,,,1.64,0.0776053249137,,,,,1.54,0.738438423286,,,,,1.54,0.398717154021,,,,,1.54,0.430392796843,,,,,1.54,0.197180876567,,,,,1.54,0.272806473804,,,,,1.54,0.197180876567,,,,,1.54,0.770114066108,,,,,1.54,0.920969315048,,,,,1.54,0.814064020524,,,,,1.68,0.109280967736,,,,,1.54,0.663208771584,,,,,1.54,0.0716661418846,,,,
1.56,0.109280967736,,,,,1.668019,,1,0.5,0.694153360035,0.38388459944,1.645755,,0,,,,1.56,0.719828983129,,,,,1.56,0.424057668279,,,,,1.56,0.392382025457,,,,,1.56,0.222521390824,,,,,1.56,0.260136216675,,,,,1.56,0.209851133695,,,,,1.56,0.719828983129,,,,,1.56,0.920969315048,,,,,1.56,0.801393763395,,,,,1.684691,,0,,,,1.56,0.279141602368,,,,,1.56,0.0589958847559,,,,
1.58,0.0902755820425,,,,,1.68,0.0336553704983,,,,,1.66,0.0776053249137,,,,,1.58,0.719828983129,,,,,1.58,0.442667108437,,,,,1.58,0.386046896892,,,,,1.58,0.197180876567,,,,,1.58,0.26647134524,,,,,1.58,0.178571436409,,,,,1.58,0.751108680415,,,,,1.58,0.965315214999,,,,,1.58,0.85207479191,,,,,1.698081,,1,0.5,1.99358997815,2.31116454674,1.58,-0.00395945535274,,,,,1.58,0.0776053249137,,,,
1.6,0.0399904990627,,,,,1.7,0.0209851133695,,,,,1.663717,,1,0.55,1.47312360732,1.10520111726,1.6,0.738438423286,,,,,1.6,0.436331979872,,,,,1.6,0.367437456734,,,,,1.6,0.191241693537,,,,,1.6,0.241526776517,,,,,1.6,0.16590117928,,,,,1.6,0.807728891959,,,,,1.6,0.90235987489,,,,,1.6,0.870684232068,,,,,1.7,0.0966107106069,,,,,1.6,-0.0229648410459,,,,,1.6,0.0653310133202,,,,
1.62,0.0716661418846,,,,,1.701513,,0,,,,1.679651,,0,,,,1.62,0.719828983129,,,,,1.62,0.430392796843,,,,,1.62,0.367437456734,,,,,1.62,0.197180876567,,,,,1.62,0.241526776517,,,,,1.62,0.172236307844,,,,,1.62,0.845739663346,,,,,1.62,0.896024746326,,,,,1.62,0.883354489197,,,,,1.709714,,0,,,,1.62,0.0902755820425,,,,,1.62,0.0716661418846,,,,
1.64,0.0653310133202,,,,,1.72,0.0273202419339,,,,,1.68,0.0653310133202,,,,,1.64,0.744773551851,,,,,1.64,0.46167249413,,,,,1.64,0.36110232817,,,,,1.64,0.21618626226,,,,,1.64,0.235191647953,,,,,1.64,0.146895793587,,,,,1.64,0.814064020524,,,,,1.64,0.870684232068,,,,,1.64,0.833069406217,,,,,1.72,0.0966107106069,,,,,1.64,0.26647134524,,,,,1.64,0.0653310133202,,,,
1.66,0.0336553704983,,,,,1.738669,,1,0.55,0.714155041514,0.18233426763,1.697237,,1,0.6,,,1.66,0.763778937544,,,,,1.66,0.442667108437,,,,,1.66,0.342096942477,,,,,1.66,0.247861905082,,,,,1.66,0.21618626226,,,,,1.66,0.16590117928,,,,,1.66,0.833069406217,,,,,1.66,0.839404534781,,,,,1.66,0.826734277653,,,,,1.722807,,1,0.55,2.05231119781,2.43859033903,1.66,0.222521390824,,,,,1.66,0.0839404534781,,,,
1.68,0.0653310133202,,,,,1.74,0.0336553704983,,,,,1.7,0.0716661418846,,,,,1.68,0.782784323237,,,,,1.68,0.436331979872,,,,,1.68,0.36110232817,,,,,1.68,0.260136216675,,,,,1.68,0.279141602368,,,,,1.68,0.159566050716,,,,,1.68,0.927304443612,,,,,1.68,0.814064020524,,,,,1.68,0.839404534781,,,,,1.734112,,0,,,,1.68,0.0776053249137,,,,,1.68,0.0902755820425,,,,
1.7,0.0839404534781,,,,,1.76,0.0273202419339,,,,,1.712622,,0,,,,1.7,0.782784323237,,,,,1.7,0.430392796843,,,,,1.7,0.335761813913,,,,,1.7,0.254197033646,,,,,1.7,0.209851133695,,,,,1.7,0.159566050716,,,,,1.7,0.914634186483,,,,,1.7,0.820399149088,,,,,1.7,0.839404534781,,,,,1.74,0.0902755820425,,,,,1.7,0.0463256276271,,,,,1.7,0.0839404534781,,,,
1.72,0.0776053249137,,,,,1.771631,,0,,,,1.72,0.0526607561915,,,,,1.72,0.744773551851,,,,,1.72,0.430392796843,,,,,1.72,0.323091556784,,,,,1.72,0.241526776517,,,,,1.72,0.184906564973,,,,,1.72,0.159566050716,,,,,1.72,0.845739663346,,,,,1.72,0.833069406217,,,,,1.72,0.845739663346,,,,,1.746827,,1,0.6,,,1.72,0.0902755820425,,,,,1.72,0.109280967736,,,,
1.74,0.0902755820425,,,,,1.78,0.0399904990627,,,,,1.74,0.0653310133202,,,,,1.74,0.700823597435,,,,,1.74,0.417722539714,,,,,1.74,0.329426685348,,,,,1.74,0.228856519389,,,,,1.74,0.21618626226,,,,,1.74,0.16590117928,,,,,1.74,0.920969315048,,,,,1.74,0.839404534781,,,,,1.74,0.845739663346,,,,,1.757807,,0,,,,1.74,0.0653310133202,,,,,1.74,0.109280967736,,,,
1.76,0.0776053249137,,,,,1.8,0.0273202419339,,,,,1.76,0.0653310133202,,,,,1.76,0.650538514456,,,,,1.76,0.424057668279,,,,,1.76,0.279141602368,,,,,1.76,0.197180876567,,,,,1.76,0.209851133695,,,,,1.76,0.153230922151,,,,,1.76,0.939974700741,,,,,1.76,0.833069406217,,,,,1.76,0.839404534781,,,,,1.76,0.0966107106069,,,,,1.76,-0.00395945535274,,,,,1.76,0.109280967736,,,,
1.78,0.0653310133202,,,,,1.808067,,1,0.6,,,1.78,0.0653310133202,,,,,1.78,0.650538514456,,,,,1.78,0.442667108437,,,,,1.78,0.298146988061,,,,,1.78,0.222521390824,,,,,1.78,0.209851133695,,,,,1.78,0.159566050716,,,,,1.78,0.908695003454,,,,,1.78,0.820399149088,,,,,1.78,0.85207479191,,,,,1.78,0.0966107106069,,,,,1.78,-0.0356350981747,,,,,1.78,0.109280967736,,,,
1.8,0.109280967736,,,,,1.82,0.0209851133695,,,,,1.8,0.0716661418846,,,,,1.8,0.669543900149,,,,,1.8,0.424057668279,,,,,1.8,0.285476730933,,,,,1.8,0.209851133695,,,,,1.8,0.21618626226,,,,,1.8,0.184906564973,,,,,1.8,0.933639572177,,,,,1.8,0.826734277653,,,,,1.8,0.85207479191,,,,,1.8,0.109280967736,,,,,1.8,-0.0479094097682,,,,,1.8,0.109280967736,,,,
1.82,0.0966107106069,,,,,1.839712,,0,,,,1.82,0.0526607561915,,,,,1.82,0.637868257327,,,,,1.82,0.430392796843,,,,,1.82,0.272806473804,,,,,1.82,0.184906564973,,,,,1.82,0.209851133695,,,,,1.82,0.191241693537,,,,,1.82,0.920969315048,,,,,1.82,0.814064020524,,,,,1.82,0.845739663346,,,,,1.82,0.0966107106069,,,,,1.82,-0.0479094097682,,,,,1.82,0.109280967736,,,,
1.84,0.0839404534781,,,,,1.84,0.0399904990627,,,,,1.84,0.0776053249137,,,,,1.84,0.637868257327,,,,,1.84,0.430392796843,,,,,1.84,0.260136216675,,,,,1.84,0.134621481993,,,,,1.84,0.209851133695,,,,,1.84,0.209851133695,,,,,1.84,0.870684232068,,,,,1.84,0.820399149088,,,,,1.84,0.845739663346,,,,,1.84,0.0966107106069,,,,,1.84,-0.0419702267391,,,,,1.84,0.121951224864,,,,
1.86,0.0839404534781,,,,,1.86,0.0336553704983,,,,,1.86,0.0589958847559,,,,,1.86,0.644203385891,,,,,1.86,0.417722539714,,,,,1.86,0.279141602368,,,,,1.86,0.128286353429,,,,,1.86,0.21618626226,,,,,1.86,0.222521390824,,,,,1.86,0.927304443612,,,,,1.86,0.858013974939,,,,,1.86,0.833069406217,,,,,1.86,0.0966107106069,,,,,1.86,0.0336553704983,,,,,1.86,0.121951224864,,,,
1.88,0.0966107106069,,,,,1.88,0.0273202419339,,,,,1.88,0.0653310133202,,,,,1.88,0.669543900149,,,,,1.88,0.405052282586,,,,,1.88,0.392382025457,,,,,1.88,0.159566050716,,,,,1.88,0.203516005131,,,,,1.88,0.235191647953,,,,,1.88,0.920969315048,,,,,1.88,0.839404534781,,,,,1.88,0.839404534781,,,,,1.88,0.146895793587,,,,,1.88,0.0653310133202,,,,,1.88,0.1156160963,,,,
1.9,0.0776053249137,,,,,1.9,0.0399904990627,,,,,1.9,0.0653310133202,,,,,1.9,0.650538514456,,,,,1.9,0.398717154021,,,,,1.9,0.637868257327,,,,,1.9,0.128286353429,,,,,1.9,0.191241693537,,,,,1.9,0.222521390824,,,,,1.9,0.946309829305,,,,,1.9,0.820399149088,,,,,1.9,0.833069406217,,,,,1.9,0.203516005131,,,,,1.9,0.0150459303404,,,,,1.9,0.128286353429,,,,
1.92,0.0839404534781,,,,,1.92,0.0150459303404,,,,,1.92,0.0526607561915,,,,,1.92,0.650538514456,,,,,1.92,0.417722539714,,,,,1.92,0.713493854564,,,,,1.92,0.1156160963,,,,,1.92,0.21618626226,,,,,1.92,0.209851133695,,,,,1.92,0.958980086434,,,,,1.92,0.833069406217,,,,,1.92,0.807728891959,,,,,1.92,0.134621481993,,,,,1.92,0.0150459303404,,,,,1.92,0.121951224864,,,,
1.94,0.0966107106069,,,,,1.94,0.0273202419339,,,,,1.94,0.0653310133202,,,,,1.94,0.663208771584,,,,,1.94,0.41138741115,,,,,1.94,0.587583174347,,,,,1.94,0.121951224864,,,,,1.94,0.209851133695,,,,,1.94,0.197180876567,,,,,1.94,0.933639572177,,,,,1.94,0.833069406217,,,,,1.94,0.776449194673,,,,,1.94,0.102945839171,,,,,1.94,0.0336553704983,,,,,1.94,0.121951224864,,,,
1.96,0.0776053249137,,,,,1.96,0.0336553704983,,,,,1.96,0.0463256276271,,,,,1.96,0.681818211742,,,,,1.96,0.424057668279,,,,,1.96,0.442667108437,,,,,1.96,0.153230922151,,,,,1.96,0.197180876567,,,,,1.96,0.184906564973,,,,,1.96,0.90235987489,,,,,1.96,0.795058634831,,,,,1.96,0.795058634831,,,,,1.96,0.128286353429,,,,,1.96,0.0150459303404,,,,,1.96,0.1156160963,,,,
1.98,0.0716661418846,,,,,1.98,0.0399904990627,,,,,1.98,0.0399904990627,,,,,1.98,0.707158726,,,,,1.98,0.424057668279,,,,,1.98,0.367437456734,,,,,1.98,0.16590117928,,,,,1.98,0.21618626226,,,,,1.98,0.197180876567,,,,,1.98,0.990259783721,,,,,1.98,0.814064020524,,,,,1.98,0.833069406217,,,,,1.98,0.0526607561915,,,,,1.98,0.0150459303404,,,,,1.98,0.1156160963,,,,
2,0.0776053249137,,,,,2,0.0336553704983,,,,,2,0.0150459303404,,,,,2,0.726164111693,,,,,2,0.41138741115,,,,,2,0.367437456734,,,,,2,0.197180876567,,,,,2,0.197180876567,,,,,2,0.209851133695,,,,,2,1.05321512383,,,,,2,0.826734277653,,,,,2,0.801393763395,,,,,2,0.0589958847559,,,,,2,0.0336553704983,,,,,2,0.1156160963,,,,
2.02,0.0776053249137,,,,,2.02,0.0399904990627,,,,,2.02,0.0463256276271,,,,,2.02,0.744773551851,,,,,2.02,0.424057668279,,,,,2.02,0.424057668279,,,,,2.02,0.241526776517,,,,,2.02,0.197180876567,,,,,2.02,0.203516005131,,,,,2.02,1.07222050952,,,,,2.02,0.814064020524,,,,,2.02,0.770114066108,,,,,2.02,0.0273202419339,,,,,2.02,0.0273202419339,,,,,2.02,0.1156160963,,,,
2.04,0.0776053249137,,,,,2.04,0.0336553704983,,,,,2.04,0.0589958847559,,,,,2.04,0.770114066108,,,,,2.04,0.417722539714,,,,,2.04,0.430392796843,,,,,2.04,0.26647134524,,,,,2.04,0.197180876567,,,,,2.04,0.21618626226,,,,,2.04,1.2044663183,,,,,2.04,0.820399149088,,,,,2.04,0.738438423286,,,,,2.04,0.109280967736,,,,,2.04,0.0399904990627,,,,,2.04,0.1156160963,,,,
2.06,0.0902755820425,,,,,2.06,0.0273202419339,,,,,2.06,0.0336553704983,,,,,2.06,0.789119451802,,,,,2.06,0.417722539714,,,,,2.06,0.398717154021,,,,,2.06,0.26647134524,,,,,2.06,0.184906564973,,,,,2.06,0.209851133695,,,,,2.06,1.19179606118,,,,,2.06,0.870684232068,,,,,2.06,0.732499240257,,,,,2.06,0.153230922151,,,,,2.06,0.0526607561915,,,,,2.06,0.1156160963,,,,
2.08,0.0776053249137,,,,,2.08,0.0399904990627,,,,,2.08,0.140560665022,,,,,2.08,0.770114066108,,,,,2.08,0.405052282586,,,,,2.08,0.41138741115,,,,,2.08,0.254197033646,,,,,2.08,0.197180876567,,,,,2.08,0.16590117928,,,,,2.08,1.18546093261,,,,,2.08,0.839404534781,,,,,2.08,0.732499240257,,,,,2.08,0.0716661418846,,,,,2.08,0.0463256276271,,,,,2.08,0.121951224864,,,,
2.1,0.0776053249137,,,,,2.1,0.0399904990627,,,,,2.1,0.0209851133695,,,,,2.1,0.75744380898,,,,,2.1,0.41138741115,,,,,2.1,0.430392796843,,,,,2.1,0.247861905082,,,,,2.1,0.209851133695,,,,,2.1,0.16590117928,,,,,2.1,1.21040550133,,,,,2.1,0.90235987489,,,,,2.1,0.751108680415,,,,,2.1,0.0589958847559,,,,,2.1,0.0463256276271,,,,,2.1,0.1156160963,,,,
2.12,0.0776053249137,,,,,2.12,0.0273202419339,,,,,2.12,-0.00395945535274,,,,,2.12,0.763778937544,,,,,2.12,0.41138741115,,,,,2.12,0.329426685348,,,,,2.12,0.228856519389,,,,,2.12,0.203516005131,,,,,2.12,0.159566050716,,,,,2.12,1.14784610676,,,,,2.12,0.90235987489,,,,,2.12,0.770114066108,,,,,2.12,0.109280967736,,,,,2.12,0.0653310133202,,,,,2.12,0.1156160963,,,,
2.14,0.0653310133202,,,,,2.14,0.0209851133695,,,,,2.14,0.0150459303404,,,,,2.14,0.763778937544,,,,,2.14,0.41138741115,,,,,2.14,0.304482116626,,,,,2.14,0.172236307844,,,,,2.14,0.191241693537,,,,,2.14,0.159566050716,,,,,2.14,1.15378528979,,,,,2.14,0.914634186483,,,,,2.14,0.751108680415,,,,,2.14,0.102945839171,,,,,2.14,0.0653310133202,,,,,2.14,0.134621481993,,,,
2.16,0.0776053249137,,,,,2.16,0.0336553704983,,,,,2.16,0.0589958847559,,,,,2.16,0.726164111693,,,,,2.16,0.424057668279,,,,,2.16,0.348432071041,,,,,2.16,0.1156160963,,,,,2.16,0.197180876567,,,,,2.16,0.159566050716,,,,,2.16,1.17912580405,,,,,2.16,0.920969315048,,,,,2.16,0.744773551851,,,,,2.16,0.0716661418846,,,,,2.16,0.0653310133202,,,,,2.16,0.134621481993,,,,
2.18,0.0776053249137,,,,,2.18,0.0399904990627,,,,,2.18,0.0653310133202,,,,,2.18,0.719828983129,,,,,2.18,0.41138741115,,,,,2.18,0.329426685348,,,,,2.18,0.0966107106069,,,,,2.18,0.197180876567,,,,,2.18,0.146895793587,,,,,2.18,1.18546093261,,,,,2.18,0.920969315048,,,,,2.18,0.795058634831,,,,,2.18,0.1156160963,,,,,2.18,0.0653310133202,,,,,2.18,0.128286353429,,,,
2.2,0.0902755820425,,,,,2.2,0.0399904990627,,,,,2.2,0.0209851133695,,,,,2.2,0.713493854564,,,,,2.2,0.41138741115,,,,,2.2,0.323091556784,,,,,2.2,0.109280967736,,,,,2.2,0.191241693537,,,,,2.2,0.178571436409,,,,,2.2,1.23574601559,,,,,2.2,0.920969315048,,,,,2.2,0.789119451802,,,,,2.2,0.146895793587,,,,,2.2,0.0589958847559,,,,,2.2,0.134621481993,,,,
2.22,0.0776053249137,,,,,2.22,0.0463256276271,,,,,2.22,0.0273202419339,,,,,2.22,0.669543900149,,,,,2.22,0.41138741115,,,,,2.22,0.31081724519,,,,,2.22,0.159566050716,,,,,2.22,0.178571436409,,,,,2.22,0.298146988061,,,,,2.22,1.23574601559,,,,,2.22,0.914634186483,,,,,2.22,0.814064020524,,,,,2.22,0.109280967736,,,,,2.22,0.0653310133202,,,,,2.22,0.134621481993,,,,
2.24,0.0589958847559,,,,,2.24,0.0209851133695,,,,,2.24,0.0273202419339,,,,,2.24,0.65687364302,,,,,2.24,0.41138741115,,,,,2.24,0.335761813913,,,,,2.24,0.172236307844,,,,,2.24,0.184906564973,,,,,2.24,0.329426685348,,,,,2.24,1.22941088703,,,,,2.24,0.908695003454,,,,,2.24,0.839404534781,,,,,2.24,0.153230922151,,,,,2.24,0.0589958847559,,,,,2.24,0.146895793587,,,,
2.26,0.0589958847559,,,,,2.26,0.00871080177603,,,,,2.26,0.00871080177603,,,,,2.26,0.644203385891,,,,,2.26,0.424057668279,,,,,2.26,0.36110232817,,,,,2.26,0.16590117928,,,,,2.26,0.184906564973,,,,,2.26,0.21618626226,,,,,2.26,1.2044663183,,,,,2.26,0.870684232068,,,,,2.26,0.839404534781,,,,,2.26,0.159566050716,,,,,2.26,0.0589958847559,,,,,2.26,0.140560665022,,,,
2.28,0.0526607561915,,,,,2.28,0.0273202419339,,,,,2.28,0.00237567321165,,,,,2.28,0.644203385891,,,,,2.28,0.417722539714,,,,,2.28,0.386046896892,,,,,2.28,0.140560665022,,,,,2.28,0.197180876567,,,,,2.28,0.184906564973,,,,,2.28,1.13517584963,,,,,2.28,0.864349103504,,,,,2.28,0.820399149088,,,,,2.28,0.128286353429,,,,,2.28,0.0653310133202,,,,,2.28,0.121951224864,,,,
2.3,0.0589958847559,,,,,2.3,-0.0102945839171,,,,,2.3,0.00871080177603,,,,,2.3,0.637868257327,,,,,2.3,0.417722539714,,,,,2.3,0.36110232817,,,,,2.3,0.121951224864,,,,,2.3,0.209851133695,,,,,2.3,0.209851133695,,,,,2.3,1.09082994968,,,,,2.3,0.877019360632,,,,,2.3,0.820399149088,,,,,2.3,0.128286353429,,,,,2.3,0.0653310133202,,,,,2.3,0.121951224864,,,,
2.32,0.0526607561915,,,,,2.32,0.0150459303404,,,,,2.32,0.0150459303404,,,,,2.32,0.644203385891,,,,,2.32,0.417722539714,,,,,2.32,0.342096942477,,,,,2.32,0.0902755820425,,,,,2.32,0.235191647953,,,,,2.32,0.26647134524,,,,,2.32,1.07855563809,,,,,2.32,0.883354489197,,,,,2.32,0.807728891959,,,,,2.32,0.128286353429,,,,,2.32,0.0776053249137,,,,,2.32,0.1156160963,,,,
2.34,0.0526607561915,,,,,2.34,0.0150459303404,,,,,2.34,0.0273202419339,,,,,2.34,0.625198000198,,,,,2.34,0.398717154021,,,,,2.34,0.316756428219,,,,,2.34,0.0902755820425,,,,,2.34,0.228856519389,,,,,2.34,0.184906564973,,,,,2.34,1.07222050952,,,,,2.34,0.85207479191,,,,,2.34,0.814064020524,,,,,2.34,0.121951224864,,,,,2.34,0.0902755820425,,,,,2.34,0.134621481993,,,,
2.36,0.0589958847559,,,,,2.36,0.00237567321165,,,,,2.36,0.0209851133695,,,,,2.36,0.568577788654,,,,,2.36,0.398717154021,,,,,2.36,0.304482116626,,,,,2.36,0.109280967736,,,,,2.36,0.241526776517,,,,,2.36,0.184906564973,,,,,2.36,1.16645554692,,,,,2.36,0.845739663346,,,,,2.36,0.789119451802,,,,,2.36,0.128286353429,,,,,2.36,0.0902755820425,,,,,2.36,0.128286353429,,,,
2.38,0.0526607561915,,,,,2.38,-0.0102945839171,,,,,2.38,0.0209851133695,,,,,2.38,0.555907531525,,,,,2.38,0.335761813913,,,,,2.38,0.316756428219,,,,,2.38,0.134621481993,,,,,2.38,0.241526776517,,,,,2.38,0.184906564973,,,,,2.38,1.19179606118,,,,,2.38,0.820399149088,,,,,2.38,0.770114066108,,,,,2.38,0.1156160963,,,,,2.38,0.0966107106069,,,,,2.38,0.134621481993,,,,
2.4,0.0653310133202,,,,,2.4,-0.0166297124815,,,,,2.4,0.0150459303404,,,,,2.4,0.555907531525,,,,,2.4,0.348432071041,,,,,2.4,0.316756428219,,,,,2.4,0.128286353429,,,,,2.4,0.241526776517,,,,,2.4,0.197180876567,,,,,2.4,1.27336084144,,,,,2.4,0.814064020524,,,,,2.4,0.801393763395,,,,,2.4,0.121951224864,,,,,2.4,0.109280967736,,,,,2.4,0.146895793587,,,,
2.42,0.0463256276271,,,,,2.42,0.00871080177603,,,,,2.42,0.0273202419339,,,,,2.42,0.549968348496,,,,,2.42,0.41138741115,,,,,2.42,0.31081724519,,,,,2.42,0.0839404534781,,,,,2.42,0.241526776517,,,,,2.42,0.386046896892,,,,,2.42,1.2987013557,,,,,2.42,0.801393763395,,,,,2.42,0.814064020524,,,,,2.42,0.0902755820425,,,,,2.42,0.109280967736,,,,,2.42,0.128286353429,,,,
2.44,0.0589958847559,,,,,2.44,0.0336553704983,,,,,2.44,0.0273202419339,,,,,2.44,0.574912917218,,,,,2.44,0.436331979872,,,,,2.44,0.304482116626,,,,,2.44,0.0776053249137,,,,,2.44,0.247861905082,,,,,2.44,0.424057668279,,,,,2.44,1.42461203592,,,,,2.44,0.814064020524,,,,,2.44,0.845739663346,,,,,2.44,0.0902755820425,,,,,2.44,0.109280967736,,,,,2.44,0.109280967736,,,,
2.46,0.0653310133202,,,,,2.46,0.0526607561915,,,,,2.46,0.0150459303404,,,,,2.46,0.593918302911,,,,,2.46,0.46167249413,,,,,2.46,0.36110232817,,,,,2.46,0.0839404534781,,,,,2.46,0.228856519389,,,,,2.46,0.26647134524,,,,,2.46,1.50657276172,,,,,2.46,0.801393763395,,,,,2.46,0.85207479191,,,,,2.46,0.0839404534781,,,,,2.46,0.109280967736,,,,,2.46,0.102945839171,,,,
2.48,0.0526607561915,,,,,2.48,0.0463256276271,,,,,2.48,0.0273202419339,,,,,2.48,0.593918302911,,,,,2.48,0.474342751259,,,,,2.48,0.386046896892,,,,,2.48,0.0589958847559,,,,,2.48,0.235191647953,,,,,2.48,0.197180876567,,,,,2.48,1.53151733044,,,,,2.48,0.795058634831,,,,,2.48,0.820399149088,,,,,2.48,0.0839404534781,,,,,2.48,0.0902755820425,,,,,2.48,0.109280967736,,,,
2.5,0.0526607561915,,,,,2.5,0.0653310133202,,,,,2.5,0.0150459303404,,,,,2.5,0.562242660089,,,,,2.5,0.487013008387,,,,,2.5,0.430392796843,,,,,2.5,0.0589958847559,,,,,2.5,0.26647134524,,,,,2.5,0.178571436409,,,,,2.5,1.66376313922,,,,,2.5,0.789119451802,,,,,2.5,0.826734277653,,,,,2.5,0.0776053249137,,,,,2.5,0.109280967736,,,,,2.5,0.1156160963,,,,
2.52,0.0526607561915,,,,,2.52,0.0653310133202,,,,,2.52,0.0150459303404,,,,,2.52,0.612923688604,,,,,2.52,0.46167249413,,,,,2.52,0.386046896892,,,,,2.52,0.0716661418846,,,,,2.52,0.254197033646,,,,,2.52,0.172236307844,,,,,2.52,1.73938873646,,,,,2.52,0.782784323237,,,,,2.52,0.807728891959,,,,,2.52,0.0839404534781,,,,,2.52,0.109280967736,,,,,2.52,0.121951224864,,,,
2.54,0.0463256276271,,,,,2.54,0.0776053249137,,,,,2.54,0.0273202419339,,,,,2.54,0.631533128762,,,,,2.54,0.449002237001,,,,,2.54,0.323091556784,,,,,2.54,0.0716661418846,,,,,2.54,0.298146988061,,,,,2.54,0.16590117928,,,,,2.54,1.74572386502,,,,,2.54,0.782784323237,,,,,2.54,0.839404534781,,,,,2.54,0.0839404534781,,,,,2.54,0.1156160963,,,,,2.54,0.1156160963,,,,
2.56,0.0526607561915,,,,,2.56,0.0902755820425,,,,,2.56,0.0336553704983,,,,,2.56,0.600253431476,,,,,2.56,0.46167249413,,,,,2.56,0.323091556784,,,,,2.56,0.0589958847559,,,,,2.56,0.329426685348,,,,,2.56,0.178571436409,,,,,2.56,1.66376313922,,,,,2.56,0.789119451802,,,,,2.56,0.870684232068,,,,,2.56,0.0902755820425,,,,,2.56,0.140560665022,,,,,2.56,0.0966107106069,,,,
2.58,0.0526607561915,,,,,2.58,0.102945839171,,,,,2.58,0.0150459303404,,,,,2.58,0.618862871634,,,,,2.58,0.46167249413,,,,,2.58,0.285476730933,,,,,2.58,0.0399904990627,,,,,2.58,0.367437456734,,,,,2.58,0.178571436409,,,,,2.58,1.57546728486,,,,,2.58,0.789119451802,,,,,2.58,0.870684232068,,,,,2.58,0.0966107106069,,,,,2.58,0.134621481993,,,,,2.58,0.0966107106069,,,,
2.6,0.0399904990627,,,,,2.6,0.109280967736,,,,,2.6,0.0150459303404,,,,,2.6,0.644203385891,,,,,2.6,0.449002237001,,,,,2.6,0.260136216675,,,,,2.6,0.0336553704983,,,,,2.6,0.367437456734,,,,,2.6,0.191241693537,,,,,2.6,1.67009826779,,,,,2.6,0.770114066108,,,,,2.6,0.858013974939,,,,,2.6,0.109280967736,,,,,2.6,0.121951224864,,,,,2.6,0.0902755820425,,,,
2.62,0.0463256276271,,,,,2.62,0.0966107106069,,,,,2.62,0.00871080177603,,,,,2.62,0.600253431476,,,,,2.62,0.436331979872,,,,,2.62,0.235191647953,,,,,2.62,0.0150459303404,,,,,2.62,0.367437456734,,,,,2.62,0.178571436409,,,,,2.62,1.56319297326,,,,,2.62,0.770114066108,,,,,2.62,0.864349103504,,,,,2.62,0.102945839171,,,,,2.62,0.1156160963,,,,,2.62,0.0902755820425,,,,
2.64,0.0463256276271,,,,,2.64,0.0902755820425,,,,,2.64,0.00871080177603,,,,,2.64,0.593918302911,,,,,2.64,0.442667108437,,,,,2.64,0.254197033646,,,,,2.64,0.0209851133695,,,,,2.64,0.329426685348,,,,,2.64,0.184906564973,,,,,2.64,1.65109288209,,,,,2.64,0.770114066108,,,,,2.64,0.864349103504,,,,,2.64,0.0966107106069,,,,,2.64,0.0966107106069,,,,,2.64,0.102945839171,,,,
2.66,0.0463256276271,,,,,2.66,0.0776053249137,,,,,2.66,0.0336553704983,,,,,2.66,0.60658856004,,,,,2.66,0.430392796843,,,,,2.66,0.197180876567,,,,,2.66,0.00871080177603,,,,,2.66,0.260136216675,,,,,2.66,0.191241693537,,,,,2.66,1.70771309364,,,,,2.66,0.751108680415,,,,,2.66,0.864349103504,,,,,2.66,0.0966107106069,,,,,2.66,0.0902755820425,,,,,2.66,0.109280967736,,,,
2.68,0.0526607561915,,,,,2.68,0.0589958847559,,,,,2.68,0.0209851133695,,,,,2.68,0.568577788654,,,,,2.68,0.405052282586,,,,,2.68,0.153230922151,,,,,2.68,0.0209851133695,,,,,2.68,0.191241693537,,,,,2.68,0.178571436409,,,,,2.68,1.8082832596,,,,,2.68,0.763778937544,,,,,2.68,0.833069406217,,,,,2.68,0.109280967736,,,,,2.68,0.0776053249137,,,,,2.68,0.109280967736,,,,
2.7,0.0526607561915,,,,,2.7,0.0653310133202,,,,,2.7,0.0150459303404,,,,,2.7,0.568577788654,,,,,2.7,0.424057668279,,,,,2.7,0.128286353429,,,,,2.7,0.00871080177603,,,,,2.7,0.184906564973,,,,,2.7,0.178571436409,,,,,2.7,1.88390885683,,,,,2.7,0.776449194673,,,,,2.7,0.845739663346,,,,,2.7,0.0966107106069,,,,,2.7,0.0653310133202,,,,,2.7,0.121951224864,,,,
2.72,0.0589958847559,,,,,2.72,0.0399904990627,,,,,2.72,0.0150459303404,,,,,2.72,0.593918302911,,,,,2.72,0.41138741115,,,,,2.72,0.109280967736,,,,,2.72,0.00871080177603,,,,,2.72,0.191241693537,,,,,2.72,0.172236307844,,,,,2.72,1.92191962822,,,,,2.72,0.770114066108,,,,,2.72,0.839404534781,,,,,2.72,0.0902755820425,,,,,2.72,0.0716661418846,,,,,2.72,0.128286353429,,,,
2.74,0.0589958847559,,,,,2.74,0.0399904990627,,,,,2.74,0.0150459303404,,,,,2.74,0.593918302911,,,,,2.74,0.405052282586,,,,,2.74,0.102945839171,,,,,2.74,0.0526607561915,,,,,2.74,0.197180876567,,,,,2.74,0.178571436409,,,,,2.74,1.95319932551,,,,,2.74,0.75744380898,,,,,2.74,0.877019360632,,,,,2.74,0.0902755820425,,,,,2.74,0.0589958847559,,,,,2.74,0.134621481993,,,,
2.76,0.0653310133202,,,,,2.76,0.0273202419339,,,,,2.76,0.0150459303404,,,,,2.76,0.587583174347,,,,,2.76,0.41138741115,,,,,2.76,0.128286353429,,,,,2.76,0.0839404534781,,,,,2.76,0.209851133695,,,,,2.76,0.178571436409,,,,,2.76,1.90924937109,,,,,2.76,0.751108680415,,,,,2.76,0.839404534781,,,,,2.76,0.0776053249137,,,,,2.76,0.0526607561915,,,,,2.76,0.128286353429,,,,
2.78,0.0589958847559,,,,,2.78,0.0336553704983,,,,,2.78,0.0273202419339,,,,,2.78,0.60658856004,,,,,2.78,0.417722539714,,,,,2.78,0.153230922151,,,,,2.78,0.0589958847559,,,,,2.78,0.285476730933,,,,,2.78,0.172236307844,,,,,2.78,1.92191962822,,,,,2.78,0.732499240257,,,,,2.78,0.814064020524,,,,,2.78,0.0902755820425,,,,,2.78,0.0589958847559,,,,,2.78,0.128286353429,,,,
2.8,0.0589958847559,,,,,2.8,0.0273202419339,,,,,2.8,0.0209851133695,,,,,2.8,0.618862871634,,,,,2.8,0.405052282586,,,,,2.8,0.184906564973,,,,,2.8,0.0336553704983,,,,,2.8,0.228856519389,,,,,2.8,0.159566050716,,,,,2.8,1.99714927992,,,,,2.8,0.738438423286,,,,,2.8,0.801393763395,,,,,2.8,0.0839404534781,,,,,2.8,0.0589958847559,,,,,2.8,0.109280967736,,,,
2.82,0.0526607561915,,,,,2.82,0.0150459303404,,,,,2.82,0.0150459303404,,,,,2.82,0.637868257327,,,,,2.82,0.417722539714,,,,,2.82,0.21618626226,,,,,2.82,0.0399904990627,,,,,2.82,0.184906564973,,,,,2.82,0.16590117928,,,,,2.82,2.00981953705,,,,,2.82,0.732499240257,,,,,2.82,0.85207479191,,,,,2.82,0.0902755820425,,,,,2.82,0.0589958847559,,,,,2.82,0.0966107106069,,,,
2.84,0.0776053249137,,,,,2.84,0.0209851133695,,,,,2.84,0.0150459303404,,,,,2.84,0.644203385891,,,,,2.84,0.41138741115,,,,,2.84,0.235191647953,,,,,2.84,0.146895793587,,,,,2.84,0.184906564973,,,,,2.84,0.159566050716,,,,,2.84,2.02248979418,,,,,2.84,0.744773551851,,,,,2.84,0.883354489197,,,,,2.84,0.0716661418846,,,,,2.84,0.0653310133202,,,,,2.84,0.0902755820425,,,,
2.86,0.0716661418846,,,,,2.86,0.0209851133695,,,,,2.86,0.0150459303404,,,,,2.86,0.644203385891,,,,,2.86,0.417722539714,,,,,2.86,0.235191647953,,,,,2.86,0.241526776517,,,,,2.86,0.172236307844,,,,,2.86,0.16590117928,,,,,2.86,2.09811539142,,,,,2.86,0.820399149088,,,,,2.86,0.870684232068,,,,,2.86,0.0776053249137,,,,,2.86,0.0839404534781,,,,,2.86,0.0902755820425,,,,
2.88,0.0716661418846,,,,,2.88,0.0336553704983,,,,,2.88,0.0150459303404,,,,,2.88,0.65687364302,,,,,2.88,0.424057668279,,,,,2.88,0.21618626226,,,,,2.88,0.191241693537,,,,,2.88,0.172236307844,,,,,2.88,0.184906564973,,,,,2.88,2.14206534583,,,,,2.88,0.795058634831,,,,,2.88,0.864349103504,,,,,2.88,0.0839404534781,,,,,2.88,0.0902755820425,,,,,2.88,0.0902755820425,,,,
2.9,0.0902755820425,,,,,2.9,0.0336553704983,,,,,2.9,0.0336553704983,,,,,2.9,0.650538514456,,,,,2.9,0.41138741115,,,,,2.9,0.209851133695,,,,,2.9,0.0839404534781,,,,,2.9,0.197180876567,,,,,2.9,0.16590117928,,,,,2.9,2.1484004744,,,,,2.9,0.789119451802,,,,,2.9,0.833069406217,,,,,2.9,0.0776053249137,,,,,2.9,0.0839404534781,,,,,2.9,0.102945839171,,,,
2.92,0.0839404534781,,,,,2.92,0.0273202419339,,,,,2.92,0.0150459303404,,,,,2.92,0.644203385891,,,,,2.92,0.386046896892,,,,,2.92,0.21618626226,,,,,2.92,0.134621481993,,,,,2.92,0.178571436409,,,,,2.92,0.16590117928,,,,,2.92,2.19235042881,,,,,2.92,0.789119451802,,,,,2.92,0.826734277653,,,,,2.92,0.0902755820425,,,,,2.92,0.0589958847559,,,,,2.92,0.0966107106069,,,,
2.94,0.0839404534781,,,,,2.94,0.0399904990627,,,,,2.94,0.00871080177603,,,,,2.94,0.650538514456,,,,,2.94,0.335761813913,,,,,2.94,0.197180876567,,,,,2.94,0.209851133695,,,,,2.94,0.184906564973,,,,,2.94,0.153230922151,,,,,2.94,2.21135581451,,,,,2.94,0.795058634831,,,,,2.94,0.845739663346,,,,,2.94,0.0902755820425,,,,,2.94,0.0902755820425,,,,,2.94,0.109280967736,,,,
2.96,0.0716661418846,,,,,2.96,0.0399904990627,,,,,2.96,0.0150459303404,,,,,2.96,0.644203385891,,,,,2.96,0.36110232817,,,,,2.96,0.197180876567,,,,,2.96,0.153230922151,,,,,2.96,0.191241693537,,,,,2.96,0.16590117928,,,,,2.96,2.11038970301,,,,,2.96,0.789119451802,,,,,2.96,0.839404534781,,,,,2.96,0.0776053249137,,,,,2.96,0.109280967736,,,,,2.96,0.109280967736,,,,
2.98,0.0839404534781,,,,,2.98,0.0273202419339,,,,,2.98,0.0209851133695,,,,,2.98,0.637868257327,,,,,2.98,0.335761813913,,,,,2.98,0.184906564973,,,,,2.98,0.140560665022,,,,,2.98,0.21618626226,,,,,2.98,0.178571436409,,,,,2.98,2.0474343629,,,,,2.98,0.75744380898,,,,,2.98,0.820399149088,,,,,2.98,0.0716661418846,,,,,2.98,0.109280967736,,,,,2.98,0.102945839171,,,,
3,0.0776053249137,,,,,3,0.0273202419339,,,,,3,0.0273202419339,,,,,3,0.631533128762,,,,,3,0.398717154021,,,,,3,0.178571436409,,,,,3,0.172236307844,,,,,3,0.209851133695,,,,,3,0.159566050716,,,,,3,2.01615466562,,,,,3,0.744773551851,,,,,3,0.814064020524,,,,,3,0.0653310133202,,,,,3,0.109280967736,,,,,3,0.109280967736,,,,
