0.0,0.0
0.005005005005005005,9.888558287569473e-05
0.01001001001001001,0.0003954445479177722
0.015015015015015015,0.0008893836410650802
0.02002002002002002,0.0015802144277663095
0.025025025025025023,0.002467253775971345
0.03003003003003003,0.0035496245316503795
0.035035035035035036,0.004826256386172782
0.04004004004004004,0.006295886934688031
0.04504504504504504,0.007957062924462103
0.050050050050050046,0.00980814169193493
0.055055055055055056,0.011847292787077806
0.06006006006006006,0.014072499783444575
0.06506506506506507,0.016481562272126698
0.07007007007007007,0.01907209803764039
0.07507507507507508,0.02184154541359433
0.08008008008008008,0.02478716581580837
0.08508508508508508,0.027906046450378447
0.09009009009009009,0.031195103194009928
0.09509509509509509,0.03465108364377072
0.10010010010010009,0.038270570333248995
0.10510510510510511,0.042049984111934814
0.11011011011011011,0.04598558768448376
0.11511511511511512,0.05007348930636351
0.12012012012012012,0.054309646632227815
0.12512512512512514,0.058689870713213535
0.13013013013013014,0.06320983013920688
0.13513513513513514,0.0678650553219837
0.14014014014014015,0.0726509429149879
0.14514514514514515,0.07756276036537728
0.15015015015015015,0.08259565059383628
0.15515515515515516,0.08774463679752698
0.16016016016016016,0.09300462737142969
0.16516516516516516,0.09837042094320615
0.17017017017017017,0.103836711516607
0.17517517517517517,0.10939809371833718
0.18018018018018017,0.11504906814319045
0.18518518518518517,0.12078404679216864
0.19019019019019018,0.12659735859820695
0.19519519519519518,0.13248325503404154
0.20020020020020018,0.1384359157966744
0.20520520520520522,0.14444945456281388
0.21021021021021022,0.15051792480959958
0.21521521521521522,0.1566353256948562
0.22022022022022023,0.1627956079910616
0.22522522522522523,0.16899268006716045
0.23023023023023023,0.175220413912309
0.23523523523523523,0.18147265119559453
0.24024024024024024,0.18774320935573674
0.24524524524524524,0.19402588771474938
0.2502502502502503,0.20031447360951696
0.2552552552552553,0.2066027485352227
0.2602602602602603,0.2128844942945537
0.2652652652652653,0.2191534991466008
0.2702702702702703,0.22540356394937577
0.2752752752752753,0.2316285082898682
0.2802802802802803,0.2378221765955833
0.2852852852852853,0.24397844422151552
0.2902902902902903,0.25009122350653973
0.2952952952952953,0.2561544697932299
0.3003003003003003,0.26216218740515423
0.3053053053053053,0.26810843557573477
0.3103103103103103,0.2739873343228087
0.3153153153153153,0.27979307026308325
0.3203203203203203,0.2855199023607339
0.3253253253253253,0.2911621676044603
0.3303303303303303,0.2967142866073888
0.3353353353353353,0.30217076912428165
0.34034034034034033,0.30752621948059744
0.34534534534534533,0.3127753419080355
0.35035035035035034,0.3179129457812879
0.35535535535535534,0.3229339507508185
0.36036036036036034,0.327833391766597
0.36536536536536535,0.3326064239878173
0.37037037037037035,0.33724832757374673
0.37537537537537535,0.34175451235096765
0.38038038038038036,0.3461205223523977
0.38538538538538536,0.35034204022359866
0.39039039039039036,0.35441489149201727
0.39539539539539537,0.3583350486949371
0.40040040040040037,0.3620986353620584
0.40540540540540543,0.3657019298487685
0.41041041041041043,0.36914136901631117
0.41541541541541543,0.3724135517552183
0.42042042042042044,0.37551524234851563
0.42542542542542544,0.3784433736713808
0.43043043043043044,0.381195050224088
0.43543543543543545,0.38376755099523924
0.44044044044044045,0.38615833215245243
0.44544544544544545,0.38836502955784497
0.45045045045045046,0.39038546110582534
0.45545545545545546,0.3922176288808805
0.46046046046046046,0.39385972113322715
0.46546546546546547,0.3953101140703699
0.47047047047047047,0.39656737346279897
0.4754754754754755,0.397630256062236
0.4804804804804805,0.39849771083102703
0.4854854854854855,0.399168879981468
0.4904904904904905,0.3996430998240321
0.4954954954954955,0.39991990142366435
0.5005005005005005,0.39999901106348923
0.5055055055055055,0.39988035051547827
0.5105105105105106,0.39956403711780614
0.5155155155155156,0.39905038365881984
0.5205205205205206,0.3983398980677362
0.5255255255255256,0.39743328291237323
0.5305305305305306,0.3963314347044116
0.5355355355355356,0.39503544301287447
0.5405405405405406,0.39354658938669984
0.5455455455455456,0.39186634608747406
0.5505505505505506,0.38999637463357745
0.5555555555555556,0.38793852415718166
0.5605605605605606,0.3856948295757252
0.5655655655655656,0.38326750957967265
0.5705705705705706,0.3806589644385505
0.5755755755755756,0.37787177362742613
0.5805805805805806,0.3749086932761788
0.5855855855855856,0.3717726534440853
0.5905905905905906,0.36846675522241235
0.5955955955955956,0.364994267667886
0.6006006006006006,0.36135862457006485
0.6056056056056056,0.3575634210558174
0.6106106106106106,0.35361241003425997
0.6156156156156156,0.34950949848567076
0.6206206206206206,0.3452587435980494
0.6256256256256256,0.3408643487551433
0.6306306306306306,0.3363306593799067
0.6356356356356356,0.3316621586375039
0.6406406406406406,0.32686346300210545
0.6456456456456456,0.32193931769186146
0.6506506506506506,0.316894591976563
0.6556556556556556,0.31173427436263856
0.6606606606606606,0.3064634676602385
0.6656656656656657,0.30108738393729295
0.6706706706706707,0.29561133936552736
0.6756756756756757,0.29004074896353477
0.6806806806806807,0.2843811212421041
0.6856856856856857,0.27863805275709574
0.6906906906906907,0.27281722257525687
0.6956956956956957,0.2669243866584403
0.7007007007007007,0.2609653721717906
0.7057057057057057,0.25494607172151673
0.7107107107107107,0.2488724375279534
0.7157157157157157,0.24275047553967533
0.7207207207207207,0.23658623949447746
0.7257257257257257,0.2303858249331032
0.7307307307307307,0.22415536317163243
0.7357357357357357,0.21790101523849326
0.7407407407407407,0.21162896578209525
0.7457457457457457,0.205345416955101
0.7507507507507507,0.19905658228139372
0.7557557557557557,0.19276868051179633
0.7607607607607607,0.18648792947462434
0.7657657657657657,0.18022053992715026
0.7707707707707707,0.17397270941405857
0.7757757757757757,0.1677506161389698
0.7807807807807807,0.1615604128550855
0.7857857857857857,0.1554082207810047
0.7907907907907907,0.14930012354771913
0.7957957957957957,0.14324216118278066
0.8008008008008007,0.1372403241375844
0.8058058058058059,0.1313005473636753
0.8108108108108109,0.1254287044439383
0.8158158158158159,0.11963060178446974
0.8208208208208209,0.11391197287288049
0.8258258258258259,0.10827847260870171
0.8308308308308309,0.10273567171150669
0.8358358358358359,0.09728905121226963
0.8408408408408409,0.09194399703341853
0.8458458458458459,0.08670579466293325
0.8508508508508509,0.08157962392775976
0.8558558558558559,0.07657055387170905
0.8608608608608609,0.07168353774290237
0.8658658658658659,0.06692340809572413
0.8708708708708709,0.06229487201212165
0.8758758758758759,0.057802506446979464
0.8808808808808809,0.05345075370217205
0.8858858858858859,0.04924391703376607
0.8908908908908909,0.045186156396721924
0.8958958958958959,0.04128148433129704
0.9009009009009009,0.0375337619952228
0.9059059059059059,0.03394669534557591
0.9109109109109109,0.030523831474120786
0.9159159159159159,0.027268555099747967
0.9209209209209209,0.024184085221474194
0.9259259259259259,0.02127347193531758
0.9309309309309309,0.01853959341819113
0.9359359359359359,0.015985153081801713
0.9409409409409409,0.013612676899365246
0.9459459459459459,0.011424510907783174
0.950950950950951,0.009422818887750692
0.955955955955956,0.0076095802240890706
0.960960960960961,0.005986587948419855
0.965965965965966,0.004555446966114911
0.970970970970971,0.0033175724692762463
0.975975975975976,0.0022741885373154733
0.980980980980981,0.0014263269265152433
0.985985985985986,0.0007748260497714241
0.990990990990991,0.00032033014752338746
0.995995995995996,6.328865069323845e-05
1.001001001001001,3.955736263349968e-06
1.006006006006006,0.0001423900759319932
1.011011011011011,0.00047845477809547446
1.016016016016016,0.0010118175232142566
1.021021021021021,0.0017419508924289267
1.026026026026026,0.0026681328891016206
1.031031031031031,0.003789447652766387
1.0360360360360361,0.005104786364783368
1.0410410410410411,0.0066128483448003655
1.0460460460460461,0.008312142336938265
1.0510510510510511,0.010200987984428263
1.0560560560560561,0.012277517491242108
1.0610610610610611,0.014539677469073524
1.0660660660660661,0.016985230967842792
1.0710710710710711,0.019611759687718045
1.0760760760760761,0.02241666637046538
1.0810810810810811,0.025397177367762275
1.0860860860860861,0.028550345383936766
1.0910910910910911,0.03187305239041643
1.0960960960960962,0.03536201270901104
1.1011011011011012,0.039013776260973056
1.1061061061061062,0.04282473197862909
1.1111111111111112,0.04679111137620448
1.1161161161161162,0.050908992276312785
1.1211211211211212,0.05517430268842401
1.1261261261261262,0.05958282483547546
1.1311311311311312,0.06413019932464605
1.1361361361361362,0.06881192945816653
1.1411411411411412,0.07362338567990553
1.1461461461461462,0.07855981015333365
1.1511511511511512,0.08361632146633687
1.1561561561561562,0.08878791945823042
1.1611611611611612,0.09406949016419588
1.1661661661661662,0.09945581087225552
1.1711711711711712,0.10494155528778193
1.1761761761761762,0.1105212988004344
1.1811811811811812,0.11618952384831818
1.1861861861861862,0.12194062537405498
1.1911911911911912,0.1277689163673799
1.1961961961961962,0.1336686334887722
1.2012012012012012,0.1396339427685687
1.2062062062062062,0.1456589453759176
1.2112112112112112,0.1517376834518721
1.2162162162162162,0.15786414600085477
1.2212212212212212,0.16403227483466398
1.2262262262262262,0.1702359705631502
1.2312312312312312,0.1764690986256323
1.2362362362362362,0.18272549535709423
1.2412412412412412,0.18899897408316133
1.2462462462462462,0.19528333123782846
1.2512512512512513,0.20157235249789351
1.2562562562562563,0.2078598189280262
1.2612612612612613,0.2141395131303987
1.2662662662662663,0.22040522539279667
1.2712712712712713,0.22665075982912763
1.2762762762762763,0.23286994050626136
1.2812812812812813,0.23905661755113422
1.2862862862862863,0.24520467323208966
1.2912912912912913,0.251308028008433
1.2962962962962963,0.257360646542218
1.3013013013013013,0.2633565436663286
1.3063063063063063,0.26928979030294486
1.3113113113113113,0.2751545193265463
1.3163163163163163,0.28094493136565457
1.3213213213213213,0.2866553005375736
1.3263263263263263,0.29227998011046336
1.3313313313313313,0.29781340808714335
1.3363363363363363,0.30325011270510555
1.3413413413413413,0.3085847178472997
1.3463463463463463,0.31381194835833665
1.3513513513513513,0.3189266352608573
1.3563563563563563,0.3239237208669057
1.3613613613613613,0.3287982637792534
1.3663663663663663,0.33354544377772943
1.3713713713713713,0.33816056658572224
1.3763763763763763,0.3426390685121421
1.3813813813813813,0.346976520964255
1.3863863863863863,0.3511686348269223
1.3913913913913913,0.35521126470391584
1.3963963963963963,0.35910041301711804
1.4014014014014013,0.3628322339595506
1.4064064064064064,0.3664030372983226
1.4114114114114114,0.36980929202373947
1.4164164164164164,0.3730476298409616
1.4214214214214214,0.37611484850076293
1.4264264264264264,0.3790079149660936
1.4314314314314314,0.3817239684113163
1.4364364364364364,0.3842603230511507
1.4414414414414414,0.3866144707965274
1.4464464464464464,0.3887840837347265
1.4514514514514514,0.39076701643134804
1.4564564564564564,0.3925613080518368
1.4614614614614614,0.39416518430046543
1.4664664664664664,0.3955770591748571
1.4714714714714714,0.3967955365343123
1.4764764764764764,0.3978194114803923
1.4814814814814814,0.3986476715483886
1.4864864864864864,0.39927949770850524
1.4914914914914914,0.39971426517576125
1.4964964964964964,0.39995154402781213
1.5015015015015014,0.39999109963008217
1.5065065065065064,0.3998328928677836
1.5115115115115114,0.39947708018459527
1.5165165165165164,0.398924013427963
1.5215215215215214,0.3981742395011727
1.5265265265265264,0.3972284998225424
1.5315315315315314,0.39608772959226546
1.5365365365365364,0.39475305686763346
1.5415415415415414,0.3932258014475497
1.5465465465465464,0.39150747356743826
1.5515515515515514,0.38959977240583926
1.5565565565565564,0.3875045844041655
1.5615615615615615,0.38522398140128516
1.5665665665665665,0.38276021858477066
1.5715715715715715,0.38011573226084383
1.5765765765765765,0.37729313744521986
1.5815815815815815,0.3742952252772346
1.5865865865865865,0.37112496025980946
1.5915915915915915,0.36778547732798555
1.5965965965965965,0.36428007874892526
1.6016016016016015,0.3606122308564454
1.6066066066066067,0.3567855606233131
1.6116116116116117,0.35280385207469384
1.6166166166166167,0.3486710425462941
1.6216216216216217,0.344391218790905
1.6266266266266267,0.33996861293719305
1.6316316316316317,0.3354075983047353
1.6366366366366367,0.33071268507943574
1.6416416416416417,0.3258885158536034
1.6466466466466467,0.3209398610350952
1.6516516516516517,0.31587161413007325
1.6566566566566567,0.3106887869040315
1.6616616616616617,0.30539650442588195
1.6666666666666667,0.3
1.6716716716716717,0.2945046099912423
1.6766766766766767,0.2889157685480504
1.6816816816816818,0.2832390022288614
1.6866866866866868,0.27747992453713877
1.6916916916916918,0.27164423037042557
1.6966966966966968,0.26573769038891376
1.7017017017017018,0.25976614530909187
1.7067067067067068,0.2537355001281188
1.7117117117117118,0.24765171828463317
1.7167167167167168,0.2415208157617712
1.7217217217217218,0.23534885513822845
1.7267267267267268,0.22914193959324233
1.7317317317317318,0.22290620687142818
1.7367367367367368,0.2166478232134349
1.7417417417417418,0.2103729772584204
1.7467467467467468,0.20408787392438216
1.7517517517517518,0.19779872827238684
1.7567567567567568,0.19151175936077042
1.7617617617617618,0.18523318409538567
1.7667667667667668,0.17896921108198036
1.7717717717717718,0.17272603448677995
1.7767767767767768,0.16650982791135063
1.7817817817817818,0.16032673828779756
1.7867867867867868,0.1541828798003341
1.7917917917917918,0.14808432783923692
1.7967967967967968,0.14203711299315977
1.8018018018018018,0.1360472150857509
1.8068068068068068,0.13012055726247004
1.8118118118118118,0.12426300013345015
1.8168168168168168,0.11848033597820087
1.8218218218218218,0.11277828301787787
1.8268268268268268,0.10716247976078684
1.8318318318318318,0.10163847942671196
1.8368368368368369,0.09621174445558109
1.8418418418418419,0.09088764110590153
1.8468468468468469,0.08567143414830412
1.8518518518518519,0.08056828165944287
1.8568568568568569,0.07558322992140085
1.8618618618618619,0.07072120843164617
1.8668668668668669,0.06598702502846851
1.8718718718718719,0.06138536113672052
1.8768768768768769,0.056920767138563755
1.8818818818818819,0.05259765787379586
1.8868868868868869,0.04842030827421187
1.8918918918918919,0.04439284913631213
1.896896896896897,0.04051926303654021
1.901901901901902,0.036803380393089245
1.906906906906907,0.033248875678169816
1.911911911911912,0.029859263784487795
1.916916916916917,0.026637896549521495
1.921921921921922,0.023587959441037757
1.926926926926927,0.020712468407123825
1.931931931931932,0.018014266893848784
1.936936936936937,0.015496023033506235
1.941941941941942,0.013160227006215991
1.946946946946947,0.011009188577494394
1.951951951951952,0.009045034814229322
1.956956956956957,0.007269707981318281
1.961961961961962,0.005684963621047948
1.966966966966967,0.004292368817116063
1.971971971971972,0.003093300645011653
1.976976976976977,0.0020889448102856443
1.981981981981982,0.0012802944760594267
1.986986986986987,0.0006681492809294243
1.991991991991992,0.00025311454823988803
1.996996996996997,3.5600687505381094e-05
2.002002002002002,1.582278857490602e-05
2.007007007007007,0.0001938004089391209
2.012012012012012,0.0005693575543907336
2.017017017017017,0.001142122853057395
2.022022022022022,0.0019115299226350733
2.027027027027027,0.002876817930458304
2.032032032032032,0.004037032345854192
2.037037037037037,0.005391025884035252
2.042042042042042,0.006937459640599369
2.047047047047047,0.008674804415512506
2.052052052052052,0.010601342225267428
2.057057057057057,0.012715168001721636
2.062062062062062,0.01501419147593498
2.067067067067067,0.017496139245144794
2.0720720720720722,0.02015855702083269
2.0770770770770772,0.022998812055662596
2.0820820820820822,0.026014095746888174
2.0870870870870872,0.029201426413655803
2.0920920920920922,0.03255765224545784
2.0970970970970972,0.036079454418817714
2.1021021021021022,0.039763350379128544
2.1071071071071072,0.04360569728439748
2.1121121121121122,0.04760269560749087
2.1171171171171173,0.051750392893319876
2.1221221221221223,0.05604468766724727
2.1271271271271273,0.06048133349085541
2.1321321321321323,0.06505594316106152
2.1371371371371373,0.06976399304842866
2.1421421421421423,0.07460082757038415
2.1471471471471473,0.07956166379491797
2.1521521521521523,0.084641596170214
2.1571571571571573,0.08983560137553316
2.1621621621621623,0.09513854328855337
2.1671671671671673,0.10054517806425489
2.1721721721721723,0.10605015932032627
2.1771771771771773,0.1116480434239635
2.1821821821821823,0.11733329487484341
2.1871871871871873,0.12310029177893045
2.1921921921921923,0.12894333140772157
2.1971971971971973,0.13485663583742225
2.2022022022022023,0.1408343576624796
2.2072072072072073,0.14687058577782483
2.2122122122122123,0.1529593512241022
2.2172172172172173,0.15909463309011004
2.2222222222222223,0.16527036446661425
2.2272272272272273,0.1714804384456458
2.2322322322322323,0.17771871415935436
2.2372372372372373,0.18397902285243864
2.2422422422422423,0.19025517398215774
2.2472472472472473,0.19654096133988472
2.2522522522522523,0.20283016918815236
2.2572572572572573,0.20911657840712225
2.2622622622622623,0.21539397264439591
2.2672672672672673,0.22165614446209247
2.2722722722722724,0.22789690147510924
2.2772772772772774,0.23411007247449778
2.2822822822822824,0.2402895135299009
2.2872872872872874,0.24642911406501225
2.2922922922922924,0.2525228029000564
2.2972972972972974,0.25856455425531005
2.3023023023023024,0.2645483937097296
2.3073073073073074,0.2704684041087927
2.3123123123123124,0.27631873141570956
2.3173173173173174,0.2820935905002227
2.3223223223223224,0.28778727085926603
2.3273273273273274,0.2933941422638293
2.3323323323323324,0.2989086603264435
2.3373373373373374,0.30432537198377935
2.3423423423423424,0.3096389208889418
2.3473473473473474,0.31484405270812466
2.3523523523523524,0.31993562031638867
2.3573573573573574,0.3249085888874275
2.3623623623623624,0.3297580408722838
2.3673673673673674,0.3344791808620946
2.3723723723723724,0.3390673403300637
2.3773773773773774,0.3435179822479577
2.3823823823823824,0.34782670557257434
2.3873873873873874,0.3519892495977397
2.3923923923923924,0.3560014981675317
2.3973973973973974,0.35985948374656607
2.4024024024024024,0.36355939134331566
2.4074074074074074,0.3670975622825874
2.4124124124124124,0.37047049782342495
2.4174174174174174,0.37367486261885846
2.4224224224224224,0.37670748801408305
2.4274274274274275,0.3795653751797998
2.4324324324324325,0.3822456980776272
2.4374374374374375,0.3847458062546446
2.4424424424424425,0.3870632274643085
2.4474474474474475,0.3891956701111485
2.4524524524524525,0.3911410255168234
2.4574574574574575,0.3928973700053014
2.4624624624624625,0.39446296680509785
2.4674674674674675,0.39583626776669156
2.4724724724724725,0.39701591489342225
2.4774774774774775,0.39800074168435273
2.4824824824824825,0.3987897742877704
2.4874874874874875,0.3993822324641864
2.4924924924924925,0.3997775303578796
2.4974974974974975,0.39997527707622366
2.5025025025025025,0.3999752770762237
2.5075075075075075,0.3997775303578796
2.5125125125125125,0.3993822324641864
2.5175175175175175,0.3987897742877705
2.5225225225225225,0.39800074168435284
2.5275275275275275,0.39701591489342236
2.5325325325325325,0.3958362677666916
2.5375375375375375,0.3944629668050979
2.5425425425425425,0.39289737000530156
2.5475475475475475,0.3911410255168234
2.5525525525525525,0.38919567011114836
2.5575575575575575,0.3870632274643086
2.5625625625625625,0.38474580625464444
2.5675675675675675,0.38224569807762715
2.5725725725725725,0.37956537517979994
2.5775775775775776,0.376707488014083
2.5825825825825826,0.3736748626188586
2.5875875875875876,0.37047049782342467
2.5925925925925926,0.36709756228258733
2.5975975975975976,0.3635593913433157
2.6026026026026026,0.35985948374656607
2.6076076076076076,0.35600149816753185
2.6126126126126126,0.3519892495977394
2.6176176176176176,0.3478267055725743
2.6226226226226226,0.3435179822479579
2.6276276276276276,0.33906734033006364
2.6326326326326326,0.33447918086209477
2.6376376376376376,0.32975804087228333
2.6426426426426426,0.324908588887428
2.6476476476476476,0.3199356203163894
2.6526526526526526,0.3148440527081248
2.6576576576576576,0.3096389208889423
2.6626626626626626,0.3043253719837795
2.6676676676676676,0.29890866032644403
2.6726726726726726,0.29339414226383015
2.6776776776776776,0.28778727085926625
2.6826826826826826,0.28209359050022326
2.6876876876876876,0.2763187314157098
2.6926926926926926,0.2704684041087932
2.6976976976976976,0.26454839370973054
2.7027027027027026,0.2585645542553104
2.7077077077077076,0.25252280290005696
2.7127127127127126,0.24642911406501247
2.7177177177177176,0.24028951352990152
2.7227227227227226,0.23411007247449866
2.7277277277277276,0.22789690147510946
2.7327327327327327,0.22165614446209303
2.7377377377377377,0.21539397264439614
2.7427427427427427,0.2091165784071221
2.7477477477477477,0.20283016918815258
2.7527527527527527,0.19654096133988427
2.7577577577577577,0.1902551739821576
2.7627627627627627,0.18397902285243894
2.7677677677677677,0.17771871415935425
2.7727727727727727,0.1714804384456461
2.7777777777777777,0.1652703644666138
2.7827827827827827,0.15909463309010996
2.7877877877877877,0.15295935122410242
2.7927927927927927,0.14687058577782475
2.7977977977977977,0.14083435766247984
2.8028028028028027,0.13485663583742183
2.8078078078078077,0.12894333140772146
2.8128128128128127,0.1231002917789307
2.8178178178178177,0.11733329487484333
2.8228228228228227,0.11164804342396373
2.8278278278278277,0.10605015932032585
2.8328328328328327,0.10054517806425543
2.8378378378378377,0.09513854328855419
2.8428428428428427,0.08983560137553337
2.8478478478478477,0.08464159617021448
2.8528528528528527,0.07956166379491816
2.8578578578578577,0.07460082757038461
2.8628628628628627,0.06976399304842938
2.8678678678678677,0.0650559431610617
2.8728728728728727,0.06048133349085584
2.8778778778778777,0.056044687667247434
2.8828828828828827,0.05175039289332028
2.8878878878878878,0.0476026956074915
2.8928928928928928,0.04360569728439762
2.8978978978978978,0.03976335037912891
2.9029029029029028,0.036079454418817845
2.9079079079079078,0.03255765224545817
2.9129129129129128,0.029201426413656296
2.9179179179179178,0.026014095746888295
2.9229229229229228,0.02299881205566288
2.9279279279279278,0.020158557020832794
2.932932932932933,0.017496139245144746
2.937937937937938,0.015014191475935074
2.942942942942943,0.012715168001721476
2.947947947947948,0.010601342225267391
2.952952952952953,0.008674804415512575
2.957957957957958,0.006937459640599339
2.962962962962963,0.005391025884035309
2.967967967967968,0.004037032345854098
2.972972972972973,0.0028768179304583456
2.977977977977978,0.0019115299226351561
2.982982982982983,0.0011421228530574211
2.987987987987988,0.0005693575543907519
2.992992992992993,0.00019380040893911602
2.997997997997998,1.58227885749091e-05
3.003003003003003,3.560068750536307e-05
3.008008008008008,0.0002531145482398758
3.013013013013013,0.0006681492809293753
3.018018018018018,0.001280294476059399
3.023023023023023,0.0020889448102855584
3.028028028028028,0.003093300645011486
3.033033033033033,0.004292368817116012
3.038038038038038,0.005684963621047806
3.043043043043043,0.007269707981318216
3.048048048048048,0.009045034814229143
3.053053053053053,0.011009188577494082
3.058058058058058,0.013160227006215903
3.063063063063063,0.015496023033506001
3.068068068068068,0.018014266893848534
3.073073073073073,0.020712468407123402
3.078078078078078,0.02358795944103731
3.083083083083083,0.0266378965495212
3.088088088088088,0.029859263784487295
3.093093093093093,0.03324887567816948
3.098098098098098,0.0368033803930887
3.103103103103103,0.040519263036539625
3.108108108108108,0.04439284913631175
3.113113113113113,0.048420308274211725
3.118118118118118,0.052597657873795445
3.123123123123123,0.05692076713856359
3.128128128128128,0.06138536113672033
3.133133133133133,0.06598702502846858
3.138138138138138,0.07072120843164598
3.143143143143143,0.07558322992140037
3.148148148148148,0.08056828165944267
3.153153153153153,0.08567143414830392
3.158158158158158,0.09088764110590161
3.163163163163163,0.09621174445558056
3.168168168168168,0.10163847942671111
3.173173173173173,0.10716247976078659
3.178178178178178,0.11277828301787735
3.183183183183183,0.11848033597820062
3.188188188188188,0.12426300013344962
3.193193193193193,0.13012055726246916
3.198198198198198,0.13604721508575066
3.203203203203203,0.1420371129931592
3.2082082082082084,0.1480843278392367
3.2132132132132134,0.1541828798003342
3.2182182182182184,0.16032673828779734
3.2232232232232234,0.16650982791135108
3.2282282282282284,0.17272603448678006
3.2332332332332334,0.1789692110819801
3.2382382382382384,0.1852331840953857
3.2432432432432434,0.19151175936077017
3.2482482482482484,0.1977987282723873
3.2532532532532534,0.2040878739243823
3.2582582582582584,0.21037297725841986
3.2632632632632634,0.21664782321343462
3.2682682682682684,0.22290620687142795
3.2732732732732734,0.22914193959324247
3.2782782782782784,0.23534885513822817
3.2832832832832834,0.2415208157617706
3.2882882882882885,0.24765171828463295
3.2932932932932935,0.2537355001281186
3.2982982982982985,0.25976614530909203
3.3033033033033035,0.2657376903889142
3.3083083083083085,0.2716442303704256
3.3133133133133135,0.2774799245371392
3.3183183183183185,0.2832390022288617
3.3233233233233235,0.2889157685480505
3.3283283283283285,0.2945046099912428
3.3333333333333335,0.30000000000000004
3.3383383383383385,0.3053965044258824
3.3433433433433435,0.3106887869040319
3.3483483483483485,0.3158716141300733
3.3533533533533535,0.3209398610350953
3.3583583583583585,0.3258885158536031
3.3633633633633635,0.3307126850794362
3.3683683683683685,0.3354075983047354
3.3733733733733735,0.3399686129371929
3.3783783783783785,0.344391218790905
3.3833833833833835,0.348671042546294
3.3883883883883885,0.35280385207469406
3.3933933933933935,0.3567855606233132
3.3983983983983985,0.36061223085644495
3.4034034034034035,0.36428007874892515
3.4084084084084085,0.3677854773279854
3.4134134134134135,0.37112496025980946
3.4184184184184185,0.37429522527723447
3.4234234234234235,0.3772931374452196
3.4284284284284285,0.3801157322608437
3.4334334334334335,0.38276021858477055
3.4384384384384385,0.3852239814012852
3.4434434434434436,0.3875045844041654
3.4484484484484486,0.3895997724058389
3.4534534534534536,0.3915074735674382
3.4584584584584586,0.39322580144754954
3.4634634634634636,0.3947530568676334
3.4684684684684686,0.3960877295922653
3.4734734734734736,0.39722849982254216
3.4784784784784786,0.3981742395011727
3.4834834834834836,0.39892401342796296
3.4884884884884886,0.39947708018459527
3.4934934934934936,0.3998328928677836
3.4984984984984986,0.39999109963008217
3.5035035035035036,0.39995154402781213
3.5085085085085086,0.39971426517576125
3.5135135135135136,0.39927949770850535
3.5185185185185186,0.3986476715483886
3.5235235235235236,0.3978194114803923
3.5285285285285286,0.39679553653431227
3.5335335335335336,0.3955770591748571
3.5385385385385386,0.39416518430046565
3.5435435435435436,0.39256130805183687
3.5485485485485486,0.39076701643134815
3.5535535535535536,0.3887840837347265
3.5585585585585586,0.3866144707965275
3.5635635635635636,0.384260323051151
3.5685685685685686,0.38172396841131634
3.5735735735735736,0.37900791496609365
3.5785785785785786,0.3761148485007628
3.5835835835835836,0.37304762984096174
3.5885885885885886,0.3698092920237398
3.5935935935935936,0.36640303729832274
3.5985985985985987,0.3628322339595508
3.6036036036036037,0.3591004130171179
3.6086086086086087,0.35521126470391595
3.6136136136136137,0.35116863482692273
3.6186186186186187,0.34697652096425524
3.6236236236236237,0.3426390685121423
3.6286286286286287,0.33816056658572213
3.6336336336336337,0.33354544377772993
3.6386386386386387,0.32879826377925414
3.6436436436436437,0.3239237208669059
3.6486486486486487,0.31892663526085774
3.6536536536536537,0.3138119483583368
3.6586586586586587,0.3085847178473002
3.6636636636636637,0.3032501127051063
3.6686686686686687,0.2978134080871436
3.6736736736736737,0.292279980110464
3.6786786786786787,0.2866553005375738
3.6836836836836837,0.2809449313656545
3.6886886886886887,0.2751545193265465
3.6936936936936937,0.2692897903029444
3.6986986986986987,0.2633565436663285
3.7037037037037037,0.2573606465422183
3.7087087087087087,0.2513080280084328
3.7137137137137137,0.24520467323208997
3.7187187187187187,0.23905661755113372
3.7237237237237237,0.23286994050626122
3.7287287287287287,0.22665075982912827
3.7337337337337337,0.22040522539279675
3.7387387387387387,0.2141395131303992
3.7437437437437437,0.20785981892802607
3.7487487487487487,0.20157235249789376
3.7537537537537538,0.195283331237829
3.7587587587587588,0.18899897408316138
3.7637637637637638,0.18272549535709465
3.7687687687687688,0.1764690986256322
3.7737737737737738,0.17023597056315043
3.7787787787787788,0.16403227483466454
3.7837837837837838,0.15786414600085483
3.7887887887887888,0.15173768345187255
3.793793793793794,0.14565894537591748
3.798798798798799,0.13963394276856897
3.803803803803804,0.13366863348877275
3.808808808808809,0.12776891636737994
3.813813813813814,0.12194062537405535
3.818818818818819,0.1161895238483181
3.823823823823824,0.11052129880043496
3.828828828828829,0.10494155528778262
3.833833833833834,0.09945581087225588
3.838838838838839,0.0940694901641964
3.843843843843844,0.08878791945823061
3.848848848848849,0.08361632146633735
3.853853853853854,0.07855981015333428
3.858858858858859,0.07362338567990585
3.863863863863864,0.06881192945816697
3.868868868868869,0.06413019932464623
3.873873873873874,0.05958282483547538
3.878878878878879,0.05517430268842406
3.883883883883884,0.0509089922763126
3.888888888888889,0.046791111376204425
3.893893893893894,0.04282473197862924
3.898898898898899,0.039013776260973
3.903903903903904,0.035362012709011084
3.908908908908909,0.03187305239041627
3.913913913913914,0.028550345383936707
3.918918918918919,0.02539717736776258
3.923923923923924,0.02241666637046541
3.928928928928929,0.019611759687718226
3.933933933933934,0.016985230967842747
3.938938938938939,0.014539677469073618
3.943943943943944,0.012277517491242314
3.948948948948949,0.010200987984428284
3.953953953953954,0.008312142336938383
3.958958958958959,0.006612848344800338
3.963963963963964,0.005104786364783423
3.968968968968969,0.0037894476527665037
3.973973973973974,0.002668132889101632
3.978978978978979,0.0017419508924289822
3.983983983983984,0.0010118175232142453
3.988988988988989,0.0004784547780955036
3.993993993993994,0.00014239007593201583
3.998998998998999,3.955736263351509e-06
4.004004004004004,6.328865069324123e-05
4.009009009009009,0.00032033014752337363
4.014014014014014,0.0007748260497714339
4.019019019019019,0.0014263269265152353
4.024024024024024,0.002274188537315516
4.029029029029029,0.0033175724692762667
4.034034034034034,0.00455544696611482
4.039039039039039,0.005986587948419882
4.044044044044044,0.007609580224089002
4.049049049049049,0.009422818887750727
4.054054054054054,0.011424510907783151
4.059059059059059,0.01361267689936509
4.064064064064064,0.015985153081802036
4.069069069069069,0.01853959341819133
4.074074074074074,0.021273471935317628
4.079079079079079,0.024184085221474163
4.084084084084084,0.02726855509974803
4.089089089089089,0.030523831474120744
4.094094094094094,0.03394669534557606
4.099099099099099,0.03753376199522287
4.104104104104104,0.04128148433129733
4.109109109109109,0.04518615639672155
4.114114114114114,0.04924391703376649
4.119119119119119,0.053450753702171776
4.124124124124124,0.057802506446979554
4.129129129129129,0.062294872012121354
4.134134134134134,0.06692340809572421
4.1391391391391394,0.07168353774290219
4.1441441441441444,0.07657055387170913
4.1491491491491495,0.0815796239277597
4.1541541541541545,0.08670579466293349
4.1591591591591595,0.09194399703341921
4.1641641641641645,0.09728905121227004
4.1691691691691695,0.1027356717115074
4.1741741741741745,0.10827847260870167
4.1791791791791795,0.1139119728728812
4.1841841841841845,0.1196306017844697
4.1891891891891895,0.12542870444393858
4.1941941941941945,0.13130054736367539
4.1991991991991995,0.13724032413758466
4.2042042042042045,0.14324216118278074
4.2092092092092095,0.1493001235477196
4.2142142142142145,0.1554082207810048
4.2192192192192195,0.1615604128550861
4.2242242242242245,0.16775061613896922
4.2292292292292295,0.1739727094140592
4.2342342342342345,0.1802205399271498
4.2392392392392395,0.18648792947462448
4.2442442442442445,0.19276868051179608
4.2492492492492495,0.19905658228139383
4.2542542542542545,0.20534541695510097
4.2592592592592595,0.21162896578209556
4.2642642642642645,0.2179010152384934
4.2692692692692695,0.2241553631716327
4.2742742742742745,0.2303858249331026
4.2792792792792795,0.23658623949447796
4.2842842842842845,0.2427504755396747
4.2892892892892895,0.24887243752795338
4.2942942942942945,0.2549460717215163
4.2992992992992995,0.2609653721717908
4.3043043043043046,0.26692438665844015
4.3093093093093096,0.2728172225752569
4.314314314314315,0.27863805275709574
4.31931931931932,0.28438112124210413
4.324324324324325,0.2900407489635341
4.32932932932933,0.2956113393655276
4.334334334334335,0.30108738393729245
4.33933933933934,0.30646346766023824
4.344344344344345,0.31173427436263923
4.34934934934935,0.3168945919765629
4.354354354354355,0.3219393176918617
4.35935935935936,0.32686346300210556
4.364364364364365,0.3316621586375041
4.36936936936937,0.3363306593799067
4.374374374374375,0.34086434875514365
4.37937937937938,0.3452587435980496
4.384384384384385,0.3495094984856712
4.38938938938939,0.35361241003425975
4.394394394394395,0.35756342105581784
4.3993993993994,0.36135862457006473
4.404404404404405,0.3649942676678861
4.40940940940941,0.36846675522241223
4.414414414414415,0.3717726534440853
4.41941941941942,0.3749086932761788
4.424424424424425,0.3778717736274263
4.42942942942943,0.3806589644385505
4.434434434434435,0.3832675095796728
4.43943943943944,0.38569482957572493
4.444444444444445,0.38793852415718194
4.44944944944945,0.3899963746335773
4.454454454454455,0.39186634608747406
4.45945945945946,0.39354658938669973
4.464464464464465,0.39503544301287447
4.46946946946947,0.3963314347044116
4.474474474474475,0.39743328291237323
4.47947947947948,0.3983398980677362
4.484484484484485,0.39905038365881984
4.48948948948949,0.39956403711780614
4.494494494494495,0.39988035051547827
4.4994994994995,0.39999901106348923
4.504504504504505,0.39991990142366435
4.50950950950951,0.39964309982403223
4.514514514514515,0.399168879981468
4.51951951951952,0.39849771083102703
4.524524524524525,0.397630256062236
4.52952952952953,0.396567373462799
4.534534534534535,0.39531011407036987
4.53953953953954,0.393859721133227
4.544544544544545,0.3922176288808805
4.54954954954955,0.39038546110582517
4.554554554554555,0.38836502955784513
4.55955955955956,0.38615833215245216
4.564564564564565,0.38376755099523935
4.56956956956957,0.38119505022408795
4.574574574574575,0.3784433736713808
4.57957957957958,0.37551524234851547
4.584584584584585,0.37241355175521834
4.58958958958959,0.369141369016311
4.594594594594595,0.3657019298487685
4.5995995995996,0.3620986353620581
4.604604604604605,0.35833504869493743
4.60960960960961,0.3544148914920169
4.614614614614615,0.350342040223599
4.61961961961962,0.34612052235239776
4.624624624624625,0.34175451235096793
4.62962962962963,0.33724832757374673
4.634634634634635,0.33260642398781753
4.63963963963964,0.32783339176659687
4.644644644644645,0.3229339507508186
4.64964964964965,0.3179129457812877
4.654654654654655,0.31277534190803624
4.65965965965966,0.30752621948059716
4.664664664664665,0.3021707691242823
4.66966966966967,0.296714286607389
4.674674674674675,0.29116216760446073
4.67967967967968,0.28551990236073393
4.684684684684685,0.2797930702630837
4.68968968968969,0.2739873343228087
4.694694694694695,0.268108435575735
4.6996996996997,0.2621621874051542
4.704704704704705,0.25615446979323075
4.70970970970971,0.2500912235065395
4.714714714714715,0.24397844422151632
4.71971971971972,0.23782217659558366
4.724724724724725,0.23162850828986745
4.72972972972973,0.22540356394937608
4.734734734734735,0.21915349914660065
4.73973973973974,0.2128844942945538
4.744744744744745,0.20660274853522254
4.74974974974975,0.200314473609517
4.754754754754755,0.19402588771474902
4.75975975975976,0.18774320935573668
4.764764764764765,0.18147265119559408
4.76976976976977,0.17522041391230958
4.774774774774775,0.16899268006715992
4.77977977977978,0.16279560799106207
4.784784784784785,0.15663532569485625
4.78978978978979,0.1505179248095999
4.794794794794795,0.14444945456281383
4.7997997997998,0.13843591579667472
4.804804804804805,0.1324832550340414
4.80980980980981,0.12659735859820706
4.814814814814815,0.12078404679216839
4.81981981981982,0.11504906814319112
4.824824824824825,0.10939809371833686
4.82982982982983,0.10383671151660762
4.834834834834835,0.09837042094320635
4.83983983983984,0.09300462737143012
4.844844844844845,0.08774463679752709
4.84984984984985,0.08259565059383663
4.854854854854855,0.07756276036537729
4.85985985985986,0.07265094291498812
4.864864864864865,0.06786505532198366
4.86986986986987,0.06320983013920754
4.874874874874875,0.0586898707132134
4.87987987987988,0.054309646632228384
4.884884884884885,0.05007348930636377
4.88988988988989,0.045985587684484214
4.894894894894895,0.04204998411193499
4.8998998998999,0.03827057033324937
4.904904904904905,0.03465108364377083
4.90990990990991,0.031195103194009817
4.914914914914915,0.02790604645037851
4.91991991991992,0.02478716581580821
4.924924924924925,0.021841545413594315
4.92992992992993,0.019072098037640206
4.934934934934935,0.016481562272126927
4.93993993993994,0.014072499783444376
4.944944944944945,0.011847292787077968
4.94994994994995,0.009808141691934953
4.954954954954955,0.00795706292446221
4.95995995995996,0.006295886934688019
4.964964964964965,0.0048262563861728395
4.96996996996997,0.003549624531650352
4.974974974974975,0.00246725377597137
4.97997997997998,0.0015802144277662776
4.984984984984985,0.000889383641065152
4.98998998998999,0.0003954445479177495
4.994994994994995,9.888558287571522e-05
5.0,1.499759782661858e-31
