n_voters,n_alternatives,p_no_winner
2,1,0.0
3,1,0.0
1,2,0.0
1,3,0.0
1,1,0.0
3,2,0.0
1,4,0.0
2,2,0.508
3,3,0.056
4,1,0.0
5,2,0.0
5,1,0.0
2,3,0.6632
1,5,0.0
3,4,0.122
1,9,0.0
4,2,0.3724
6,1,0.0
2,4,0.7392
2,7,0.8696
1,6,0.0
2,5,0.812
6,3,0.4972
7,1,0.0
1,7,0.0
8,1,0.0
7,3,0.0724
2,9,0.8836
4,3,0.5628
3,6,0.2008
6,2,0.3144
2,6,0.8448
9,1,0.0
1,8,0.0
10,1,0.0
5,3,0.0692
7,2,0.0
11,1,0.0
4,4,0.6604
3,5,0.1548
8,2,0.2844
12,1,0.0
1,10,0.0
2,8,0.8812
5,6,0.2452
9,2,0.0
5,4,0.1444
13,1,0.0
4,5,0.728
10,2,0.2444
8,3,0.4464
14,1,0.0
11,2,0.0
14,2,0.2032
16,1,0.0
6,4,0.6076
12,2,0.2276
4,8,0.8136
4,6,0.77
13,3,0.076
2,10,0.892
7,6,0.2552
3,7,0.2432
5,5,0.1952
9,3,0.0752
5,8,0.3096
7,4,0.152
13,2,0.0
10,3,0.3988
15,1,0.0
4,7,0.8052
6,5,0.6756
3,8,0.266
8,4,0.5732
7,7,0.3096
11,3,0.0752
15,3,0.0836
12,3,0.3776
14,4,0.4924
7,5,0.2156
10,6,0.6544
9,4,0.1576
3,9,0.2912
6,6,0.7264
5,10,0.3812
15,2,0.0
17,1,0.0
10,4,0.5372
8,5,0.6356
9,7,0.3304
11,4,0.1648
4,9,0.8408
5,7,0.2952
15,4,0.1528
3,10,0.306
9,5,0.2216
12,4,0.498
7,9,0.3844
7,8,0.3496
6,7,0.7508
14,3,0.3612
16,2,0.1892
4,10,0.8504
19,2,0.0
18,1,0.0
13,4,0.1672
9,8,0.3656
12,6,0.6392
11,7,0.3312
6,8,0.7668
8,6,0.6824
10,5,0.5856
18,3,0.3384
12,7,0.674
17,2,0.0
19,1,0.0
7,10,0.428
11,5,0.23
19,3,0.0892
8,10,0.796
10,9,0.7776
16,5,0.5412
20,1,0.0
9,6,0.2684
8,7,0.7372
5,9,0.3712
18,2,0.2008
16,3,0.3588
12,5,0.5716
6,9,0.808
17,3,0.0808
13,5,0.2144
14,7,0.6604
21,1,0.0
16,6,0.5936
10,10,0.7852
21,3,0.0888
12,9,0.748
6,10,0.8208
8,8,0.7448
10,7,0.708
11,6,0.2864
20,2,0.1796
22,1,0.0
23,2,0.0
20,4,0.4572
14,5,0.5704
16,4,0.4668
25,1,0.0
12,8,0.72
22,3,0.324
24,2,0.1504
23,1,0.0
21,2,0.0
8,9,0.7932
17,4,0.1664
13,6,0.282
25,2,0.0
15,5,0.2424
24,1,0.0
14,9,0.7316
10,8,0.7472
15,8,0.3944
20,3,0.3248
27,1,0.0
22,2,0.1656
18,4,0.4524
14,6,0.6328
19,6,0.2868
21,5,0.2416
9,9,0.4224
26,1,0.0
19,4,0.1636
17,5,0.232
15,6,0.2808
13,7,0.3256
11,8,0.3848
9,10,0.428
18,5,0.5268
23,3,0.0804
30,1,0.0
21,4,0.1644
28,1,0.0
21,6,0.2908
26,2,0.152
19,5,0.2224
24,5,0.5132
24,3,0.3072
28,3,0.2952
13,8,0.3812
11,9,0.4184
17,6,0.2896
29,1,0.0
27,2,0.0
15,7,0.3452
19,8,0.3876
27,3,0.0812
20,5,0.5456
25,3,0.086
14,8,0.7216
22,4,0.4304
21,7,0.358
16,7,0.6444
23,6,0.3052
23,5,0.238
27,4,0.1668
25,5,0.252
23,4,0.1624
18,6,0.59
28,2,0.1504
24,6,0.5508
12,10,0.7684
24,4,0.4396
26,3,0.3252
28,4,0.4168
16,8,0.6992
11,10,0.458
30,3,0.2856
29,2,0.0
13,9,0.4316
14,10,0.7576
17,7,0.3588
31,1,0.0
27,5,0.244
22,8,0.6672
22,5,0.5112
24,7,0.6112
20,6,0.5724
25,4,0.1712
16,10,0.7436
18,7,0.6444
30,2,0.1468
31,3,0.0944
32,2,0.1468
26,4,0.4336
13,10,0.4644
25,7,0.3588
32,1,0.0
27,6,0.3076
31,2,0.0
29,3,0.0988
15,9,0.4352
19,7,0.3592
34,2,0.1292
21,9,0.4308
16,9,0.704
17,8,0.3824
22,6,0.5904
33,1,0.0
20,7,0.6336
18,8,0.6836
34,1,0.0
23,7,0.3656
35,1,0.0
26,5,0.4844
19,10,0.454
34,3,0.2888
29,6,0.3132
25,8,0.4004
37,1,0.0
18,9,0.7128
36,2,0.134
33,2,0.0
29,4,0.1696
28,7,0.6108
15,10,0.4512
35,3,0.0788
17,9,0.4384
33,4,0.1796
22,7,0.6304
37,2,0.0
36,1,0.0
30,4,0.4092
20,8,0.6764
25,6,0.3128
34,4,0.3948
32,5,0.4736
28,5,0.4976
36,3,0.2772
25,9,0.4368
35,2,0.0
32,3,0.2844
26,6,0.5376
38,2,0.1244
30,7,0.5884
33,3,0.0796
31,4,0.1856
21,8,0.3924
29,5,0.242
19,9,0.422
34,5,0.4652
18,10,0.7412
38,1,0.0
20,9,0.6972
17,10,0.4476
32,4,0.4036
30,5,0.4964
38,3,0.278
25,10,0.4668
28,9,0.6644
28,6,0.5452
24,8,0.6472
26,7,0.598
39,1,0.0
30,8,0.628
26,9,0.6952
23,8,0.4016
36,5,0.4676
32,7,0.5848
22,9,0.7076
31,5,0.2412
40,1,0.0
20,10,0.726
28,10,0.6976
35,6,0.2924
39,2,0.0
29,9,0.4384
22,10,0.712
41,1,0.0
37,3,0.0972
27,7,0.3468
30,6,0.5452
42,2,0.1284
40,3,0.2716
37,5,0.2396
35,4,0.162
27,10,0.4748
26,8,0.6604
42,1,0.0
40,2,0.1228
35,5,0.2468
23,9,0.4324
36,4,0.388
24,9,0.6932
33,5,0.2424
42,3,0.2552
31,6,0.298
41,2,0.0
21,10,0.4692
43,1,0.0
41,4,0.1632
31,9,0.412
29,7,0.3716
28,8,0.6352
39,3,0.0832
37,4,0.1668
32,6,0.5312
27,8,0.3932
40,5,0.4548
46,1,0.0
44,1,0.0
23,10,0.474
38,4,0.3852
41,3,0.0792
45,2,0.0
44,3,0.2616
24,10,0.7088
34,6,0.5328
43,2,0.0
33,6,0.3176
41,5,0.2384
45,1,0.0
39,6,0.3096
37,7,0.362
34,9,0.6612
31,7,0.3508
27,9,0.4336
39,4,0.1776
29,8,0.4104
44,2,0.116
45,3,0.0808
26,10,0.692
42,4,0.3628
40,4,0.3808
46,3,0.2524
43,3,0.0836
36,8,0.6192
38,5,0.4572
39,7,0.3528
47,1,0.0
33,10,0.4832
35,9,0.4408
39,5,0.2564
36,6,0.5128
34,10,0.684
40,7,0.5908
33,7,0.3548
50,1,0.0
46,2,0.12
48,1,0.0
34,7,0.5768
32,10,0.694
31,8,0.408
41,7,0.3664
47,2,0.0
44,4,0.3644
49,1,0.0
32,8,0.6368
50,2,0.114
39,8,0.4136
51,1,0.0
30,9,0.6548
37,6,0.3044
43,6,0.3064
45,5,0.2432
43,4,0.1808
47,4,0.1868
38,6,0.508
35,7,0.35
48,2,0.1152
44,6,0.5252
49,3,0.0924
36,7,0.5612
46,5,0.456
50,3,0.2532
34,8,0.6312
49,2,0.0
33,8,0.4036
43,7,0.3652
41,8,0.418
47,3,0.0812
42,5,0.4536
45,4,0.1804
45,6,0.32
40,9,0.6408
49,4,0.1892
29,10,0.4696
40,6,0.5136
51,3,0.0812
43,5,0.2548
52,1,0.0
32,9,0.6548
44,7,0.5756
48,3,0.246
30,10,0.6808
38,8,0.61
38,7,0.5832
46,4,0.3556
35,8,0.4252
53,2,0.0
41,6,0.314
33,9,0.444
52,3,0.2412
51,2,0.0
54,2,0.1068
43,8,0.4076
44,5,0.4364
53,1,0.0
39,10,0.468
42,6,0.5204
42,9,0.644
52,2,0.1128
54,1,0.0
55,2,0.0
52,4,0.346
54,3,0.2364
57,1,0.0
55,1,0.0
48,4,0.3568
31,10,0.482
37,8,0.4144
56,2,0.108
56,1,0.0
55,3,0.0888
35,10,0.4864
53,4,0.186
58,1,0.0
36,9,0.6488
47,5,0.238
48,7,0.5568
42,7,0.5552
50,4,0.3532
56,3,0.2336
51,5,0.2528
48,5,0.438
40,8,0.6212
53,3,0.0796
54,5,0.4408
48,8,0.5908
59,2,0.0
46,9,0.6272
51,4,0.1736
46,6,0.506
37,9,0.4484
38,9,0.62
52,6,0.5
56,4,0.3424
36,10,0.688
58,3,0.2432
49,5,0.2256
50,5,0.4288
57,2,0.0
59,1,0.0
60,1,0.0
39,9,0.4436
47,6,0.3216
51,7,0.3536
42,8,0.6168
61,1,0.0
58,2,0.1084
60,2,0.1088
54,4,0.3464
59,3,0.0788
58,4,0.3416
48,6,0.5124
45,7,0.368
46,7,0.554
61,2,0.0
38,10,0.6736
60,3,0.2368
57,3,0.084
37,10,0.4864
49,6,0.3076
53,7,0.3592
49,9,0.4472
59,4,0.1812
52,5,0.4156
49,8,0.4144
44,8,0.6188
57,4,0.1864
47,10,0.484
55,4,0.1684
50,9,0.6152
50,6,0.5008
48,10,0.652
47,7,0.3456
64,1,0.0
41,9,0.4516
60,4,0.3496
63,2,0.0
62,1,0.0
53,5,0.2392
45,10,0.4764
40,10,0.6696
55,7,0.3756
59,5,0.2688
45,8,0.4084
53,8,0.4072
51,6,0.3184
63,1,0.0
46,8,0.6124
64,2,0.1056
56,7,0.5428
55,5,0.2296
62,2,0.106
60,5,0.4148
49,7,0.362
43,9,0.4392
44,9,0.6252
66,1,0.0
62,4,0.3424
50,7,0.5552
65,2,0.0
57,5,0.2292
47,8,0.4128
56,5,0.4292
42,10,0.6648
41,10,0.4828
55,8,0.4372
53,6,0.3264
56,8,0.5776
58,7,0.5336
67,1,0.0
65,1,0.0
53,9,0.4208
54,9,0.6264
61,3,0.0844
54,6,0.4972
52,10,0.6408
45,9,0.4288
65,3,0.086
68,1,0.0
62,3,0.24
47,9,0.4568
62,5,0.4152
58,5,0.4208
57,8,0.4184
43,10,0.4804
52,7,0.5476
66,3,0.2276
63,3,0.0896
44,10,0.658
55,6,0.3184
63,5,0.2564
50,8,0.5932
69,1,0.0
61,6,0.3248
56,6,0.4992
65,4,0.1724
54,10,0.6624
66,2,0.0916
61,4,0.19
67,3,0.0876
70,1,0.0
64,3,0.234
48,9,0.6248
54,7,0.5456
57,6,0.3176
67,2,0.0
46,10,0.6632
51,8,0.4004
58,6,0.5024
58,9,0.6056
60,8,0.5988
61,7,0.3564
52,8,0.594
67,4,0.1672
63,4,0.1932
68,2,0.0948
62,7,0.5296
66,5,0.4164
68,4,0.3348
70,3,0.2148
61,5,0.2456
73,1,0.0
71,1,0.0
64,4,0.348
69,2,0.0
59,6,0.3104
72,2,0.0916
65,6,0.3124
63,7,0.372
71,3,0.0876
54,8,0.5876
64,6,0.4688
57,7,0.3972
61,8,0.3964
60,6,0.4908
72,1,0.0
73,2,0.0
70,2,0.1112
51,9,0.4364
70,4,0.3248
68,3,0.2464
74,1,0.0
71,2,0.0
66,4,0.35
52,9,0.6356
69,3,0.092
67,6,0.314
74,2,0.096
75,1,0.0
64,5,0.4172
59,10,0.488
49,10,0.4696
59,7,0.3568
66,7,0.5208
61,9,0.4516
76,1,0.0
72,4,0.3396
60,7,0.5348
62,6,0.5036
64,8,0.5776
50,10,0.656
65,5,0.2496
74,3,0.2244
77,1,0.0
71,5,0.2536
63,6,0.306
58,8,0.59
51,10,0.47
69,4,0.1748
63,9,0.4556
75,3,0.0852
56,9,0.6208
72,3,0.2224
72,5,0.4004
66,8,0.5904
73,3,0.0672
67,5,0.2576
76,3,0.2148
55,9,0.4524
75,2,0.0
79,1,0.0
59,8,0.406
69,7,0.3572
68,5,0.4256
78,2,0.0868
71,4,0.1536
77,3,0.0768
65,9,0.4456
76,2,0.09
70,7,0.522
74,5,0.4128
53,10,0.4888
68,8,0.5732
78,1,0.0
66,6,0.4964
80,1,0.0
57,9,0.4272
77,2,0.0
65,8,0.4216
69,5,0.258
62,10,0.634
65,7,0.3636
70,5,0.4232
73,4,0.1672
57,10,0.4724
64,7,0.544
80,2,0.0916
72,7,0.5256
56,10,0.636
70,8,0.5792
76,5,0.4088
68,6,0.4808
55,10,0.4864
62,8,0.6028
74,4,0.3284
68,9,0.6232
82,1,0.0
81,2,0.0
59,9,0.452
71,8,0.4204
60,9,0.6132
79,4,0.1732
69,6,0.3264
81,1,0.0
75,4,0.1796
79,2,0.0
82,2,0.0904
69,9,0.4524
67,10,0.476
72,8,0.57
70,6,0.4696
58,10,0.6508
63,8,0.4232
73,5,0.2588
70,9,0.6008
78,3,0.2176
83,2,0.0
62,9,0.6156
76,4,0.322
84,1,0.0
67,7,0.36
83,1,0.0
79,5,0.2504
68,7,0.52
71,6,0.2904
79,3,0.0928
77,4,0.1724
75,5,0.2352
72,6,0.4716
84,2,0.0936
85,1,0.0
81,4,0.1676
83,3,0.0872
70,10,0.6176
74,8,0.5636
80,3,0.222
78,6,0.4684
80,5,0.4088
86,1,0.0
60,10,0.6272
74,6,0.4692
82,4,0.3364
78,4,0.3252
79,6,0.3156
78,5,0.39
73,6,0.308
87,1,0.0
81,3,0.084
75,6,0.3048
80,6,0.4612
64,9,0.6088
76,8,0.5644
67,8,0.4128
74,9,0.5932
85,3,0.0844
77,5,0.2444
82,3,0.2028
88,1,0.0
73,8,0.4056
84,3,0.2264
71,7,0.3592
80,4,0.3224
61,10,0.4764
77,7,0.3544
77,8,0.4088
88,2,0.08
85,2,0.0
66,9,0.6132
81,6,0.3092
75,9,0.4328
78,8,0.5712
86,2,0.0832
76,6,0.4708
89,2,0.0
69,8,0.4172
69,10,0.4716
90,1,0.0
73,7,0.3616
63,10,0.472
88,3,0.2088
74,7,0.512
89,1,0.0
64,10,0.6272
87,2,0.0
91,1,0.0
67,9,0.452
77,6,0.2984
83,6,0.322
87,4,0.172
89,3,0.0852
83,4,0.168
75,10,0.4848
77,9,0.4412
82,7,0.5072
92,1,0.0
86,3,0.2144
88,4,0.3144
75,7,0.3456
65,10,0.4672
66,10,0.6236
81,5,0.2456
90,3,0.2188
84,4,0.304
78,7,0.518
87,3,0.086
76,7,0.498
82,5,0.3988
93,1,0.0
92,2,0.0916
81,8,0.4136
86,6,0.466
90,2,0.0884
77,10,0.4732
88,5,0.4064
85,4,0.1728
84,7,0.5216
94,1,0.0
74,10,0.6204
71,9,0.452
83,5,0.246
86,4,0.3004
91,2,0.0
68,10,0.6412
80,9,0.6144
89,5,0.238
72,9,0.6032
83,8,0.4084
84,5,0.3948
75,8,0.3932
88,6,0.4748
81,9,0.4548
90,5,0.4024
96,1,0.0
84,8,0.5616
82,6,0.4796
94,3,0.2004
79,7,0.3604
72,10,0.6352
85,5,0.2432
91,3,0.082
93,2,0.0
91,5,0.254
95,1,0.0
86,5,0.386
89,4,0.166
96,2,0.0788
73,9,0.4548
85,8,0.4048
80,7,0.5124
95,3,0.0856
94,2,0.092
90,6,0.4456
92,3,0.2084
92,5,0.3924
86,8,0.5492
84,6,0.4696
94,4,0.3228
93,4,0.1904
87,5,0.2484
98,1,0.0
84,9,0.6072
90,4,0.3344
95,2,0.0
97,1,0.0
85,6,0.3188
81,7,0.352
87,6,0.314
91,6,0.3124
93,3,0.0848
91,4,0.182
98,2,0.0688
87,7,0.3616
71,10,0.4748
83,9,0.4516
88,8,0.5496
79,8,0.4028
94,5,0.3856
85,9,0.4588
76,9,0.6116
100,1,0.0
96,4,0.3124
92,4,0.3144
97,2,0.0
83,7,0.3628
80,8,0.5656
78,9,0.582
73,10,0.482
98,3,0.2068
101,1,0.0
93,6,0.2944
99,1,0.0
89,8,0.4108
91,7,0.3656
94,6,0.4468
99,3,0.0772
88,9,0.5888
96,5,0.3948
101,2,0.0
96,3,0.2008
82,8,0.552
85,10,0.4736
98,4,0.3024
76,10,0.6128
97,3,0.078
99,2,0.0
100,3,0.2028
103,1,0.0
86,7,0.5056
102,2,0.0788
85,7,0.37
95,4,0.1672
89,6,0.3124
104,1,0.0
102,1,0.0
79,9,0.4396
100,2,0.0764
92,8,0.5416
103,2,0.0
90,9,0.582
98,5,0.3836
88,10,0.6272
102,3,0.1992
93,5,0.2648
78,10,0.62
97,6,0.3096
88,7,0.5004
97,4,0.1664
82,9,0.6036
105,2,0.0
94,8,0.5456
96,7,0.488
100,5,0.392
104,3,0.2052
90,10,0.6252
92,6,0.4576
95,5,0.2456
89,7,0.3724
105,1,0.0
101,3,0.0876
107,1,0.0
79,10,0.4644
90,7,0.5284
84,10,0.6048
104,2,0.0792
97,5,0.2496
80,10,0.6172
105,3,0.094
99,4,0.1652
106,1,0.0
96,8,0.5624
104,4,0.292
102,5,0.4056
87,8,0.4064
107,2,0.0
91,10,0.492
100,6,0.452
98,7,0.5144
108,1,0.0
100,4,0.3112
103,3,0.0952
94,7,0.4956
101,6,0.3084
92,7,0.5104
81,10,0.4868
95,6,0.31
97,8,0.406
82,10,0.6216
101,4,0.1792
99,7,0.3668
107,3,0.0792
106,2,0.0776
108,2,0.064
109,1,0.0
95,9,0.4396
102,6,0.4592
104,5,0.382
86,9,0.5904
93,10,0.4812
106,4,0.2924
96,6,0.4496
110,1,0.0
99,5,0.2576
90,8,0.5568
93,7,0.3616
102,4,0.3008
108,3,0.2076
103,4,0.1768
110,2,0.0764
83,10,0.4948
104,6,0.4436
106,3,0.1904
87,9,0.4408
91,8,0.414
95,10,0.4856
112,1,0.0
100,8,0.5608
101,5,0.2544
108,4,0.2904
98,6,0.438
95,7,0.3492
110,3,0.1956
109,2,0.0
101,8,0.4064
86,10,0.634
111,1,0.0
105,4,0.1856
109,4,0.1688
104,7,0.5128
102,8,0.542
99,6,0.3176
89,9,0.4588
111,3,0.0848
113,2,0.0
93,8,0.3916
103,5,0.2524
99,9,0.4492
108,5,0.3768
100,9,0.5796
114,1,0.0
112,3,0.206
97,7,0.3564
111,2,0.0
113,1,0.0
107,6,0.3024
103,8,0.408
93,9,0.448
105,7,0.366
87,10,0.4712
107,4,0.1788
101,9,0.4532
109,3,0.0832
112,2,0.068
104,8,0.5556
112,4,0.2972
91,9,0.4344
95,8,0.4104
102,9,0.5852
110,5,0.3856
115,2,0.0
105,5,0.2376
92,9,0.6132
100,7,0.514
117,1,0.0
106,5,0.3856
105,8,0.4112
89,10,0.4748
115,1,0.0
103,6,0.3116
103,9,0.4592
106,8,0.5436
112,5,0.386
110,6,0.428
114,2,0.0668
104,9,0.5668
118,1,0.0
107,5,0.246
116,1,0.0
101,7,0.3648
94,9,0.5976
110,4,0.3104
113,3,0.0864
116,3,0.1808
98,8,0.538
102,7,0.496
105,6,0.3192
114,3,0.202
115,4,0.17
112,6,0.4568
92,10,0.6216
111,4,0.1828
116,2,0.0764
117,3,0.0948
110,7,0.4996
103,10,0.48
114,5,0.3484
106,6,0.442
103,7,0.368
106,9,0.5888
116,4,0.294
120,1,0.0
99,8,0.4132
96,9,0.5904
117,2,0.0
109,5,0.252
119,1,0.0
111,7,0.3848
108,6,0.4448
113,4,0.1824
115,5,0.2288
115,3,0.0972
97,9,0.4664
112,7,0.5128
120,2,0.0716
94,10,0.6264
118,2,0.078
109,8,0.4164
114,6,0.4652
119,3,0.0956
110,8,0.5388
118,4,0.2908
98,9,0.5996
119,2,0.0
111,5,0.25
120,3,0.1764
114,4,0.2864
109,6,0.3176
117,5,0.258
121,1,0.0
113,7,0.3632
123,1,0.0
106,10,0.5956
106,7,0.5144
119,4,0.1852
96,10,0.6216
121,3,0.0816
118,3,0.2052
114,7,0.5076
113,5,0.2444
118,5,0.4036
107,7,0.3688
122,1,0.0
107,10,0.494
110,9,0.5768
125,1,0.0
121,2,0.0
117,6,0.3208
122,3,0.1908
117,4,0.1868
126,1,0.0
111,6,0.316
108,7,0.494
116,7,0.5076
124,1,0.0
122,2,0.0728
120,5,0.3752
97,10,0.4988
112,9,0.5856
98,10,0.6008
122,4,0.2988
124,3,0.1832
123,2,0.0
126,2,0.0692
113,6,0.3064
109,7,0.3692
116,5,0.3804
124,2,0.0724
100,10,0.6208
124,4,0.2756
120,6,0.4484
105,10,0.4824
116,8,0.5468
125,2,0.0
115,8,0.4152
122,5,0.3752
99,10,0.4732
107,8,0.402
113,9,0.464
126,3,0.1952
127,1,0.0
123,3,0.0804
114,9,0.5864
120,4,0.2888
101,10,0.4732
112,10,0.6136
108,8,0.5356
129,1,0.0
117,8,0.4032
127,3,0.0924
121,4,0.1716
102,10,0.608
126,4,0.28
118,8,0.5156
105,9,0.4444
115,6,0.3128
115,9,0.452
128,1,0.0
127,2,0.0
116,6,0.4444
119,5,0.2564
119,6,0.3072
122,6,0.4452
125,5,0.2568
128,3,0.1952
125,3,0.094
127,4,0.1804
123,6,0.3116
123,4,0.1652
112,8,0.5416
116,9,0.6004
130,2,0.064
129,3,0.0924
104,10,0.6088
128,2,0.0732
131,2,0.0
121,5,0.238
118,9,0.5788
118,6,0.4524
130,1,0.0
111,8,0.412
115,10,0.4736
116,10,0.6028
129,2,0.0
107,9,0.456
127,5,0.2476
108,9,0.5632
131,1,0.0
125,4,0.1772
115,7,0.3576
126,6,0.4084
123,7,0.358
132,2,0.0652
124,7,0.486
121,8,0.3996
134,1,0.0
123,5,0.2372
132,1,0.0
130,4,0.2884
113,8,0.4136
109,9,0.4584
114,8,0.5468
132,3,0.1884
118,10,0.5996
117,7,0.3652
124,5,0.3656
135,1,0.0
133,1,0.0
134,2,0.078
125,7,0.3508
123,8,0.4044
121,6,0.3292
133,3,0.0948
118,7,0.5112
124,8,0.55
128,6,0.4436
135,2,0.0
130,3,0.1828
121,9,0.4752
130,5,0.3744
111,9,0.4488
119,10,0.478
122,9,0.5736
128,4,0.3008
108,10,0.6152
109,10,0.4772
133,2,0.0
131,3,0.09
119,7,0.3596
126,5,0.3756
127,7,0.3784
125,8,0.4056
136,2,0.0608
131,5,0.2456
111,10,0.4852
133,4,0.1724
120,7,0.5108
126,8,0.5356
136,1,0.0
129,4,0.174
124,6,0.4472
137,2,0.0
124,9,0.5712
136,3,0.2032
110,10,0.6136
121,7,0.3712
137,1,0.0
139,1,0.0
138,2,0.0676
125,6,0.3164
128,5,0.368
131,4,0.1624
137,3,0.0848
140,1,0.0
122,7,0.5024
138,1,0.0
132,6,0.4256
128,8,0.5344
134,5,0.368
139,2,0.0
134,3,0.1948
136,4,0.2792
123,10,0.4872
124,10,0.5904
132,4,0.2828
122,8,0.5416
135,3,0.086
129,5,0.2488
140,2,0.0664
119,8,0.4088
135,5,0.256
141,1,0.0
120,8,0.5312
131,7,0.3616
127,6,0.3228
141,2,0.0
140,3,0.1944
136,5,0.3744
125,10,0.4968
138,4,0.2864
113,10,0.4644
117,9,0.4584
126,10,0.5892
114,10,0.5932
134,4,0.304
143,1,0.0
133,6,0.294
142,2,0.0632
135,4,0.174
126,7,0.486
141,3,0.086
131,8,0.3996
132,5,0.368
133,7,0.374
144,1,0.0
138,5,0.3816
137,4,0.1824
142,1,0.0
138,3,0.1936
143,2,0.0
130,7,0.5004
134,7,0.492
129,6,0.3204
130,9,0.5744
142,3,0.1928
129,9,0.4624
127,10,0.498
119,9,0.4452
130,6,0.4352
139,3,0.0836
128,9,0.572
120,9,0.578
137,6,0.32
143,3,0.0868
130,8,0.5408
131,6,0.3084
140,5,0.352
128,7,0.5112
138,6,0.4472
144,3,0.1724
131,9,0.464
146,1,0.0
133,5,0.2468
145,2,0.0
147,1,0.0
145,1,0.0
129,10,0.5004
144,2,0.0592
117,10,0.4932
139,4,0.172
129,7,0.3648
134,6,0.428
122,10,0.6068
140,4,0.2912
146,3,0.18
136,8,0.5436
137,5,0.2556
127,8,0.4072
148,2,0.0644
149,1,0.0
120,10,0.612
123,9,0.4596
147,3,0.0784
135,6,0.2996
148,1,0.0
137,8,0.4132
146,2,0.0704
141,4,0.1728
140,7,0.5032
132,7,0.5028
142,6,0.4172
146,4,0.2876
148,3,0.18
139,5,0.2632
144,5,0.356
121,10,0.49
147,2,0.0
142,4,0.2884
125,9,0.4464
129,8,0.4044
126,9,0.5772
136,6,0.4288
147,4,0.1784
145,3,0.086
149,3,0.0956
145,5,0.246
143,4,0.1756
141,7,0.3636
146,5,0.3588
150,1,0.0
149,2,0.0
144,4,0.2792
142,7,0.5036
144,6,0.4312
128,10,0.602
137,9,0.4592
135,10,0.49
138,9,0.5848
152,1,0.0
141,5,0.2436
147,5,0.2676
135,7,0.3696
151,2,0.0
149,4,0.1812
127,9,0.4584
132,8,0.5288
151,1,0.0
141,8,0.41
142,5,0.368
139,6,0.304
145,4,0.1788
152,2,0.0596
143,5,0.2624
146,6,0.4252
150,2,0.066
144,7,0.4864
137,10,0.474
142,8,0.5328
140,6,0.446
136,7,0.4964
134,9,0.5656
153,2,0.0
138,8,0.5352
147,6,0.3216
133,8,0.404
150,4,0.2832
137,7,0.3764
143,8,0.4024
134,8,0.5208
153,1,0.0
145,7,0.3712
138,7,0.5044
154,2,0.07
148,4,0.2944
141,6,0.3028
148,6,0.4256
139,10,0.4884
136,9,0.5924
156,1,0.0
144,8,0.5348
150,3,0.1836
154,1,0.0
155,2,0.0
142,9,0.5556
135,8,0.3972
152,4,0.2952
150,5,0.3632
139,7,0.3612
149,6,0.312
154,3,0.184
157,1,0.0
132,9,0.5684
155,1,0.0
153,4,0.1724
143,6,0.3052
151,3,0.0896
155,3,0.088
151,5,0.2752
130,10,0.61
152,3,0.1792
133,9,0.4564
148,5,0.3564
158,2,0.062
154,4,0.2764
153,5,0.2572
153,3,0.0952
157,3,0.0972
148,8,0.5296
156,2,0.0704
145,6,0.3168
158,1,0.0
143,10,0.4916
151,4,0.1804
159,2,0.0
149,5,0.2572
146,9,0.5836
139,8,0.4192
154,5,0.3828
157,2,0.0
140,8,0.5428
143,7,0.3764
144,9,0.5716
159,1,0.0
131,10,0.4836
135,9,0.4616
159,3,0.096
132,10,0.592
156,3,0.1768
160,1,0.0
140,9,0.5844
156,5,0.3688
154,6,0.4428
148,9,0.5704
160,3,0.186
158,3,0.19
133,10,0.4808
162,1,0.0
146,10,0.578
145,10,0.4776
150,8,0.5312
161,2,0.0
134,10,0.6052
157,5,0.2488
153,7,0.358
161,1,0.0
146,7,0.4788
160,2,0.0528
152,5,0.3528
158,5,0.3604
155,4,0.2032
151,8,0.412
161,3,0.084
139,9,0.466
154,7,0.4788
164,1,0.0
156,4,0.27
147,7,0.3836
148,10,0.5992
162,3,0.1932
136,10,0.6116
150,9,0.5668
150,6,0.4276
157,6,0.3136
163,1,0.0
155,7,0.3596
148,7,0.4884
157,4,0.1768
158,6,0.4152
161,4,0.1784
164,2,0.0568
142,10,0.5996
162,2,0.062
153,8,0.404
151,6,0.3144
156,7,0.4756
158,4,0.2832
154,8,0.5356
166,1,0.0
145,8,0.4044
141,9,0.456
155,5,0.264
165,2,0.0
159,6,0.3156
152,6,0.4152
156,6,0.4152
163,2,0.0
146,8,0.522
138,10,0.598
147,10,0.4676
164,3,0.1728
159,4,0.1608
157,7,0.3644
149,7,0.3804
165,1,0.0
160,6,0.4236
153,6,0.3064
165,3,0.0832
150,7,0.4888
159,5,0.2716
162,5,0.37
160,4,0.2772
147,8,0.4136
143,9,0.4616
167,2,0.0
164,4,0.2872
140,10,0.608
163,3,0.0892
151,10,0.4964
169,1,0.0
166,3,0.1756
161,6,0.316
167,1,0.0
163,5,0.2488
151,7,0.3512
168,2,0.0652
160,7,0.4884
170,1,0.0
155,6,0.3048
149,10,0.4812
158,8,0.5236
152,7,0.4624
169,2,0.0
166,2,0.052
156,8,0.5376
168,1,0.0
162,4,0.2756
145,9,0.4436
141,10,0.478
160,5,0.3664
166,4,0.2776
159,8,0.4132
149,8,0.406
154,10,0.6016
163,4,0.1728
161,7,0.3776
167,4,0.1652
164,6,0.444
147,9,0.4612
158,9,0.5676
168,4,0.2788
161,5,0.252
144,10,0.6028
162,7,0.482
173,1,0.0
156,10,0.6132
172,2,0.0524
171,1,0.0
167,3,0.0804
170,2,0.0684
171,3,0.082
158,7,0.4768
170,4,0.2752
152,8,0.5304
172,1,0.0
153,9,0.454
165,4,0.1696
168,3,0.1652
164,7,0.4744
157,10,0.486
171,2,0.0
169,3,0.0904
171,4,0.1836
174,2,0.0556
173,3,0.0964
149,9,0.4764
170,3,0.1792
174,1,0.0
164,5,0.3636
172,4,0.2828
159,10,0.494
168,6,0.4348
173,2,0.0
175,2,0.0
164,8,0.5172
176,1,0.0
166,7,0.4776
165,5,0.2584
162,6,0.4096
159,7,0.358
175,1,0.0
151,9,0.4596
152,9,0.5672
167,7,0.3652
169,4,0.1572
155,8,0.4148
177,1,0.0
175,3,0.0928
170,6,0.43
172,5,0.3436
172,3,0.1872
174,4,0.2652
163,6,0.3108
165,8,0.4112
166,5,0.3676
163,9,0.466
168,7,0.4764
157,8,0.4056
177,2,0.0
166,8,0.5268
167,5,0.2512
164,9,0.5696
154,9,0.5576
175,4,0.168
150,10,0.588
162,9,0.5784
168,5,0.3488
172,6,0.4332
174,5,0.3396
174,3,0.1756
177,3,0.0852
178,2,0.0584
176,2,0.0472
165,6,0.3136
169,5,0.2452
178,1,0.0
167,8,0.41
155,9,0.4472
160,8,0.5308
179,2,0.0
173,4,0.164
166,6,0.4236
156,9,0.5584
163,10,0.4924
171,7,0.3512
170,5,0.3592
152,10,0.5916
164,10,0.6008
178,3,0.168
175,5,0.2404
179,1,0.0
163,7,0.38
180,2,0.0544
167,6,0.3016
174,6,0.4136
176,3,0.1812
167,9,0.4504
180,1,0.0
171,5,0.2608
159,9,0.4576
169,7,0.362
178,4,0.272
181,2,0.0
157,9,0.4436
160,9,0.5604
153,10,0.4776
181,1,0.0
165,10,0.5056
165,7,0.3672
162,8,0.5072
169,9,0.4672
169,6,0.3148
169,8,0.4176
173,5,0.2632
184,1,0.0
170,9,0.5624
182,1,0.0
180,4,0.2772
176,4,0.2688
167,10,0.4824
183,2,0.0
178,5,0.3564
171,8,0.4152
163,8,0.4172
161,8,0.416
155,10,0.4936
185,1,0.0
183,1,0.0
171,6,0.3216
179,3,0.0992
181,4,0.17
179,5,0.2576
177,4,0.17
183,3,0.1044
171,9,0.4484
180,3,0.1852
172,9,0.5604
174,8,0.5072
182,2,0.0568
170,8,0.522
180,5,0.3488
161,10,0.4708
184,3,0.1652
173,6,0.3112
173,7,0.3624
161,9,0.4616
173,9,0.4584
181,3,0.0996
176,5,0.346
179,6,0.32
170,7,0.4928
179,4,0.1724
184,2,0.0688
171,10,0.4764
182,3,0.1664
186,1,0.0
176,8,0.5096
182,5,0.3488
185,2,0.0
174,9,0.5408
177,5,0.256
160,10,0.5936
158,10,0.5824
187,1,0.0
186,3,0.1708
166,10,0.5912
189,1,0.0
188,2,0.0564
168,8,0.5312
181,6,0.2916
172,7,0.4612
179,7,0.372
175,6,0.32
172,8,0.534
176,7,0.4628
177,8,0.4212
186,2,0.052
188,1,0.0
184,5,0.3372
175,9,0.4556
173,10,0.4984
180,7,0.4656
186,4,0.2752
187,2,0.0
176,6,0.4336
188,3,0.1844
162,10,0.5864
183,6,0.3224
182,4,0.2748
185,3,0.0924
166,9,0.5712
165,9,0.4632
190,2,0.048
183,4,0.178
179,8,0.4084
174,7,0.464
189,3,0.0852
190,1,0.0
177,6,0.306
180,8,0.5244
177,9,0.4664
184,4,0.2512
181,5,0.2564
178,6,0.4116
175,7,0.3716
193,1,0.0
185,6,0.3048
168,9,0.5532
189,2,0.0
191,1,0.0
187,5,0.252
192,2,0.058
183,7,0.3644
187,3,0.0828
191,3,0.0964
188,5,0.3376
192,1,0.0
186,6,0.4324
194,1,0.0
173,8,0.3964
185,4,0.17
183,5,0.2544
182,8,0.5072
180,6,0.4124
177,10,0.488
191,2,0.0
181,7,0.3604
189,5,0.2324
183,8,0.4124
177,7,0.3728
187,4,0.1856
196,1,0.0
188,6,0.4156
185,5,0.2596
178,7,0.4708
181,9,0.4448
190,3,0.1672
190,5,0.3372
179,10,0.4856
193,2,0.0
194,3,0.1728
188,4,0.2744
182,6,0.4352
195,1,0.0
175,8,0.4072
197,1,0.0
193,4,0.178
191,5,0.2584
180,10,0.5832
194,2,0.0636
189,4,0.1716
186,5,0.3668
168,10,0.6124
192,3,0.174
192,4,0.2812
186,8,0.5156
190,6,0.4192
198,1,0.0
169,10,0.49
193,3,0.0808
196,3,0.1656
195,2,0.0
184,9,0.5472
184,6,0.4268
170,10,0.5896
191,6,0.3036
195,4,0.1788
181,10,0.4908
197,3,0.0764
191,4,0.1704
196,2,0.0568
194,5,0.356
190,4,0.2828
196,4,0.26
182,7,0.4544
185,9,0.4624
178,8,0.52
188,8,0.5088
197,2,0.0
186,9,0.5532
193,6,0.3116
195,3,0.0912
199,1,0.0
172,10,0.5924
184,10,0.5848
201,1,0.0
176,9,0.5588
187,6,0.3216
182,9,0.5676
189,8,0.4184
198,2,0.0564
192,7,0.4588
184,7,0.4688
200,1,0.0
198,4,0.2724
194,4,0.2712
188,9,0.5624
185,7,0.38
199,2,0.0
190,8,0.514
186,10,0.5772
174,10,0.5764
192,5,0.3652
199,4,0.1848
181,8,0.4176
178,9,0.5516
202,2,0.0544
196,6,0.4052
191,8,0.3992
200,2,0.0652
186,7,0.4844
189,6,0.3036
178,10,0.5936
193,5,0.248
198,3,0.1672
192,8,0.526
197,5,0.2512
200,4,0.2576
187,10,0.5024
201,2,0.0
202,1,0.0
184,8,0.5264
195,7,0.3668
199,3,0.0812
188,10,0.5916
179,9,0.4364
199,5,0.242
194,7,0.4744
187,7,0.37
201,4,0.1664
203,1,0.0
197,4,0.1616
175,10,0.4796
180,9,0.56
196,7,0.4664
201,3,0.0928
203,3,0.092
195,5,0.2476
188,7,0.458
200,3,0.1748
176,10,0.5972
194,8,0.504
204,1,0.0
192,9,0.542
202,4,0.2584
192,6,0.4328
196,5,0.3704
205,2,0.0
204,3,0.1632
185,8,0.4116
199,6,0.3068
189,7,0.3636
201,5,0.2472
203,2,0.0
205,1,0.0
207,1,0.0
203,4,0.1712
197,7,0.3684
204,2,0.054
202,3,0.1728
200,5,0.342
198,7,0.4668
190,7,0.468
200,6,0.418
191,9,0.4232
206,1,0.0
193,9,0.4372
187,9,0.4524
194,6,0.4008
194,9,0.5384
191,10,0.4856
183,9,0.4632
187,8,0.4084
198,5,0.3568
198,6,0.4212
199,7,0.3684
195,6,0.3168
201,6,0.316
191,7,0.3788
192,10,0.5744
210,1,0.0
209,2,0.0
197,6,0.3168
195,9,0.458
207,3,0.086
208,1,0.0
206,2,0.054
202,6,0.4168
206,4,0.2768
204,5,0.3348
208,3,0.1732
209,1,0.0
193,7,0.354
207,2,0.0
209,3,0.084
201,7,0.3704
205,3,0.0832
205,5,0.244
204,4,0.2804
208,2,0.0656
211,2,0.0
183,10,0.4776
206,5,0.34
206,3,0.168
182,10,0.588
211,1,0.0
212,2,0.0504
189,10,0.4784
198,9,0.5504
211,3,0.0852
213,2,0.0
212,1,0.0
207,5,0.254
210,2,0.0536
202,5,0.344
203,7,0.3612
205,6,0.3164
210,4,0.264
208,5,0.3312
213,1,0.0
210,3,0.174
205,4,0.1788
193,8,0.408
206,6,0.4196
213,3,0.0828
209,5,0.2504
215,1,0.0
202,8,0.5144
203,5,0.252
189,9,0.4548
214,1,0.0
200,9,0.556
207,6,0.316
185,10,0.4768
210,5,0.35
207,4,0.1788
190,9,0.56
214,3,0.1672
216,1,0.0
205,7,0.4032
195,10,0.5044
196,9,0.5572
204,6,0.3992
212,4,0.2692
194,10,0.5888
209,6,0.3076
217,1,0.0
208,4,0.2808
202,9,0.5396
214,2,0.0576
209,4,0.1732
204,8,0.5176
212,3,0.1676
196,8,0.498
214,4,0.2528
208,6,0.4224
210,6,0.414
218,1,0.0
217,2,0.0
196,10,0.5916
215,2,0.0
200,7,0.4512
203,6,0.3108
202,7,0.4776
211,5,0.2468
195,8,0.4436
201,10,0.4904
211,4,0.178
209,7,0.3568
197,8,0.4056
204,9,0.5276
212,6,0.4112
217,3,0.0872
216,2,0.0628
190,10,0.5764
219,2,0.0
198,8,0.5056
216,4,0.2628
213,6,0.3036
215,3,0.0972
218,3,0.1792
213,4,0.1708
206,7,0.4656
217,4,0.168
208,7,0.4684
219,1,0.0
207,8,0.412
214,6,0.4068
199,8,0.4012
219,3,0.0908
211,6,0.3016
220,1,0.0
216,3,0.1536
218,2,0.0584
216,5,0.3544
221,2,0.0
222,1,0.0
200,8,0.5204
203,10,0.4768
198,10,0.5748
220,3,0.162
204,7,0.4556
221,1,0.0
215,6,0.3148
217,5,0.2552
220,2,0.0472
219,4,0.1676
212,5,0.3276
215,4,0.1748
214,7,0.4668
213,7,0.3664
211,8,0.4116
213,5,0.238
201,8,0.4248
197,9,0.4456
211,7,0.3636
220,4,0.252
212,8,0.5056
209,9,0.4484
216,6,0.4196
193,10,0.488
223,2,0.0
218,4,0.2536
217,6,0.3172
199,9,0.4524
215,7,0.3728
208,10,0.5796
214,5,0.3324
215,5,0.252
222,3,0.1568
223,1,0.0
222,2,0.058
219,5,0.252
211,9,0.4388
207,7,0.3684
223,3,0.0872
206,9,0.5372
218,6,0.3996
220,5,0.344
197,10,0.4872
224,1,0.0
203,8,0.408
212,9,0.5468
225,2,0.0
222,4,0.258
221,3,0.0884
224,3,0.1556
210,10,0.5896
225,1,0.0
221,5,0.244
215,8,0.416
227,1,0.0
228,1,0.0
210,7,0.4724
201,9,0.4432
224,2,0.062
226,1,0.0
220,6,0.4156
225,3,0.0888
218,7,0.4556
214,9,0.5436
227,2,0.0
205,8,0.4364
224,4,0.27
206,8,0.5008
199,10,0.4956
212,10,0.5808
229,1,0.0
228,2,0.0512
210,9,0.5304
219,7,0.3636
212,7,0.4708
208,8,0.5144
203,9,0.4364
218,5,0.3536
227,3,0.0848
216,7,0.4808
225,4,0.184
226,2,0.0508
200,10,0.5824
229,2,0.0
213,8,0.3996
226,4,0.2548
218,8,0.498
224,5,0.3428
230,1,0.0
202,10,0.5964
221,4,0.1788
216,9,0.5468
223,4,0.1848
225,5,0.2508
222,6,0.4164
229,3,0.0924
223,6,0.3004
209,8,0.408
227,4,0.1736
221,7,0.3652
210,8,0.5008
231,2,0.0
226,5,0.3468
205,9,0.4472
228,4,0.2688
226,3,0.1776
223,5,0.254
220,8,0.5088
222,7,0.4528
231,1,0.0
213,9,0.4272
233,1,0.0
227,5,0.2528
214,10,0.5668
228,3,0.1656
219,6,0.3164
208,9,0.5476
207,9,0.4464
233,2,0.0
232,1,0.0
228,5,0.346
222,5,0.338
226,6,0.4104
230,2,0.0508
215,9,0.4384
204,10,0.5852
217,10,0.4812
234,2,0.0492
221,8,0.4124
231,4,0.1788
220,7,0.4748
234,1,0.0
217,7,0.3824
233,3,0.0944
218,10,0.5792
232,2,0.0488
214,8,0.5216
235,2,0.0
228,6,0.4168
223,8,0.4152
232,4,0.2612
221,6,0.3224
230,3,0.1612
205,10,0.4932
226,7,0.4636
206,10,0.5708
236,1,0.0
221,9,0.4428
229,5,0.2432
235,1,0.0
231,3,0.0816
231,5,0.2532
233,4,0.1692
229,6,0.3084
235,3,0.0896
219,10,0.4928
227,7,0.3784
222,9,0.5444
229,4,0.1904
232,3,0.1664
207,10,0.4924
234,4,0.2648
225,8,0.4116
228,7,0.4452
230,6,0.4088
237,2,0.0
230,4,0.2692
216,8,0.5068
225,7,0.3808
233,5,0.2512
224,9,0.5472
231,6,0.3084
217,8,0.4208
224,6,0.4044
237,1,0.0
209,10,0.4952
235,4,0.1724
234,3,0.164
237,3,0.0808
221,10,0.4732
238,1,0.0
227,8,0.4136
240,1,0.0
236,2,0.0496
239,1,0.0
239,2,0.0
236,4,0.256
230,7,0.4644
225,6,0.294
236,3,0.1756
238,3,0.1568
240,2,0.0564
232,5,0.3404
241,1,0.0
211,10,0.482
237,4,0.1716
216,10,0.5752
231,7,0.3664
239,3,0.0828
219,8,0.4216
234,5,0.3552
230,5,0.3448
229,8,0.4232
223,7,0.3796
238,2,0.0544
218,9,0.5376
238,4,0.2672
240,3,0.1548
243,1,0.0
230,8,0.5084
227,6,0.3072
233,7,0.372
224,7,0.46
224,8,0.5072
217,9,0.4552
237,5,0.2408
225,10,0.4856
226,10,0.576
231,8,0.4044
242,1,0.0
213,10,0.5
244,1,0.0
243,2,0.0
238,5,0.3496
234,7,0.4696
245,1,0.0
242,2,0.0548
241,2,0.0
229,9,0.4504
227,10,0.498
222,8,0.5168
236,6,0.4192
230,9,0.5148
241,4,0.1632
235,7,0.36
233,8,0.4208
220,9,0.544
219,9,0.4476
242,3,0.1464
245,2,0.0
246,1,0.0
242,4,0.2636
238,6,0.4084
244,3,0.1408
231,9,0.4592
243,3,0.098
234,8,0.5288
232,9,0.55
235,5,0.2436
215,10,0.4796
234,6,0.3876
246,2,0.0564
241,3,0.0828
239,4,0.1704
247,1,0.0
229,10,0.4748
245,3,0.0796
232,6,0.4032
244,2,0.0452
230,10,0.5744
236,5,0.3484
235,8,0.4184
244,4,0.2528
229,7,0.3576
226,8,0.4952
248,1,0.0
242,5,0.3204
240,4,0.2644
246,3,0.154
247,2,0.0
236,8,0.5172
243,5,0.2524
239,7,0.3628
241,6,0.2972
245,4,0.1668
235,6,0.3144
223,9,0.4364
241,5,0.2496
250,1,0.0
239,5,0.2352
224,10,0.578
249,2,0.0
246,4,0.2792
233,6,0.3032
240,5,0.3396
228,8,0.5008
232,7,0.4532
243,4,0.1748
243,6,0.2836
250,2,0.054
249,1,0.0
248,2,0.0508
245,5,0.242
233,10,0.4832
247,4,0.168
220,10,0.5824
241,7,0.372
234,10,0.5576
240,6,0.4116
237,6,0.3148
227,9,0.4344
232,8,0.5264
225,9,0.4492
242,7,0.4656
222,10,0.5804
240,8,0.53
228,10,0.5672
237,9,0.4384
233,9,0.4424
239,6,0.318
228,9,0.5524
247,3,0.0884
248,3,0.15
247,5,0.244
243,7,0.3784
226,9,0.5528
236,7,0.4496
240,7,0.4584
249,3,0.094
248,5,0.3532
237,7,0.3492
237,8,0.422
239,8,0.3868
246,5,0.3316
244,5,0.3312
250,3,0.1628
238,7,0.4468
250,4,0.2556
242,8,0.5132
249,4,0.166
223,10,0.4876
240,9,0.5488
237,10,0.4808
245,7,0.3712
248,4,0.2484
250,5,0.3448
238,10,0.5868
242,6,0.4164
243,8,0.4044
248,6,0.396
236,10,0.5792
246,7,0.4716
234,9,0.526
245,6,0.314
238,8,0.5004
244,6,0.4064
239,10,0.4912
249,5,0.2564
236,9,0.5512
249,6,0.3112
238,9,0.5468
247,7,0.38
235,9,0.4488
231,10,0.4908
244,7,0.4568
246,6,0.4076
240,10,0.5576
248,7,0.4704
241,8,0.4156
232,10,0.5896
247,6,0.3132
243,9,0.458
246,8,0.5128
250,6,0.4036
239,9,0.4604
249,7,0.386
242,10,0.576
250,7,0.4512
247,8,0.4204
244,8,0.496
248,8,0.4824
245,8,0.4188
235,10,0.4728
246,9,0.5164
242,9,0.548
249,8,0.4064
241,9,0.4496
250,8,0.5056
247,9,0.4628
244,9,0.5416
248,9,0.5528
246,10,0.5664
241,10,0.4808
243,10,0.4672
244,10,0.5748
245,9,0.4464
248,10,0.568
245,10,0.4712
249,9,0.45
250,9,0.546
249,10,0.4712
247,10,0.4932
250,10,0.5712
